run,randomer,cumulative_hits,cumulative_dist_score
1,RGCATA,1416.0,0.0
2,AAAAHG,5079.0,0.1117740543297752
3,RATAKA,8015.0,0.15762112705344145
4,TTGTYS,10662.0,0.21035607350367688
5,ACSAAT,12630.0,0.2301240098753554
6,TGTTYA,13981.0,0.24077130596466514
7,AATVMC,19236.0,0.26124704207037963
8,GATANT,22352.0,0.27007938197886366
9,AGACDA,23451.0,0.27583414344336254
10,YYGTAT,25157.0,0.2835090148634508
11,GATTRT,26242.0,0.28839289418161435
12,KTTDGT,30043.0,0.29435586770074007
13,TTTKTH,42828.0,0.32475624212087284
14,KGCTAA,43933.0,0.3283269566306423
15,RRNRN-,43933.0,0.3283269566306423
16,YCAGWA,46215.0,0.33019468262217827
17,TGCBAT,47794.0,0.33317146600856806
18,RATATG,48598.0,0.33366482237900086
19,GDDDD-,48598.0,0.33366482237900086
20,CAAMAC,50515.0,0.33643534881856124
21,CCTCAT,50885.0,0.33721028098023637
22,KGCGTA,51188.0,0.33732296994713623
23,TCKTTA,53245.0,0.3390829669234606
24,MCTAWT,54710.0,0.34037969284921565
25,RRTGCA,55589.0,0.340607106420669
26,ACTGAC,56021.0,0.3420483066288358
27,CTAAKT,57370.0,0.34404016712891156
28,TYGTGA,58042.0,0.345016238059534
29,CTATAW,58649.0,0.3456717367348755
30,ARTGKT,60674.0,0.3474449604019211
31,ARCAAG,62011.0,0.34769028660833073
32,TKNBB-,62011.0,0.34769028660833073
33,TCTTTT,64554.0,0.34953825986002757
34,AGCGYA,64970.0,0.35019229907474336
35,GWGACT,65410.0,0.3508315287472657
36,CYGAAT,66277.0,0.3513090978796381
37,KKNKN-,66277.0,0.3513090978796381
38,CCGTGG,66318.0,0.35139332506477233
39,MMNMN-,66318.0,0.35139332506477233
40,KKNKN-,66318.0,0.35139332506477233
41,TSCGAG,66486.0,0.3515877712144214
42,MAAAAT,70757.0,0.3524575612652778
43,YCGTAA,71502.0,0.3524754611331281
44,RRNRN-,71502.0,0.3524754611331281
45,GTTTRA,73016.0,0.3534346151054575
46,KKNKN-,73016.0,0.3534346151054575
47,CYWATG,73982.0,0.3535751426364743
48,TBBBB-,73982.0,0.3535751426364743
49,RRNRN-,73982.0,0.3535751426364743
50,GDGGAA,74550.0,0.353562585074441
51,RRNRN-,74550.0,0.353562585074441
52,MMNMN-,74550.0,0.353562585074441
53,MMNMN-,74550.0,0.353562585074441
54,MMNMN-,74550.0,0.353562585074441
55,ASAGCG,74910.0,0.3538914770861461
56,MMNMN-,74910.0,0.3538914770861461
57,GTCGCA,75124.0,0.3541605867048056
58,TKTCAT,77987.0,0.35669176497500205
59,MMNMN-,77987.0,0.35669176497500205
60,MMNMN-,77987.0,0.35669176497500205
61,CHHHH-,77987.0,0.35669176497500205
62,MANMN-,77987.0,0.35669176497500205
63,RRACAT,80331.0,0.3572824243490028
64,MMNMN-,80331.0,0.3572824243490028
65,MMNMN-,80331.0,0.3572824243490028
66,MMNMN-,80331.0,0.3572824243490028
67,RANRN-,80331.0,0.3572824243490028
68,TBBBB-,80331.0,0.3572824243490028
69,MMNMN-,80331.0,0.3572824243490028
70,MMNMN-,80331.0,0.3572824243490028
71,MMNMN-,80331.0,0.3572824243490028
72,TCARCA,83242.0,0.3574673538400619
73,AVVVV-,83242.0,0.3574673538400619
74,CHHHH-,83242.0,0.3574673538400619
75,GDDDD-,83242.0,0.3574673538400619
76,RRNRN-,83242.0,0.3574673538400619
77,TSTCGA,83494.0,0.3578249236737393
78,MMNMN-,83494.0,0.3578249236737393
79,MMNMN-,83494.0,0.3578249236737393
80,MMNMN-,83494.0,0.3578249236737393
81,CASTAC,83835.0,0.35818159489996804
82,YYNYN-,83835.0,0.35818159489996804
83,ARNVV-,83835.0,0.35818159489996804
84,GRNDD-,83835.0,0.35818159489996804
85,RRNRN-,83835.0,0.35818159489996804
86,GTTMAA,85447.0,0.35867645445971663
87,MMNMN-,85447.0,0.35867645445971663
88,AVVVV-,85447.0,0.35867645445971663
89,CHHHH-,85447.0,0.35867645445971663
90,TTTCTA,86420.0,0.35963433413698387
91,MMNMN-,86420.0,0.35963433413698387
92,MMNMN-,86420.0,0.35963433413698387
93,GDDDD-,86420.0,0.35963433413698387
94,CHHHH-,86420.0,0.35963433413698387
95,MMNMN-,86420.0,0.35963433413698387
96,MMNMN-,86420.0,0.35963433413698387
97,MMNMN-,86420.0,0.35963433413698387
98,CHHHH-,86420.0,0.35963433413698387
99,GDDDD-,86420.0,0.35963433413698387
100,TGKATG,86857.0,0.3599882565596325
101,RRNRN-,86857.0,0.3599882565596325
102,TSBBB-,86857.0,0.3599882565596325
103,CTCGKC,87047.0,0.36025884265733743
104,MMNMN-,87047.0,0.36025884265733743
105,MMNMN-,87047.0,0.36025884265733743
106,CTCAAC,87413.0,0.3606255932058498
107,MMNMN-,87413.0,0.3606255932058498
108,KKNKN-,87413.0,0.3606255932058498
109,CHHHH-,87413.0,0.3606255932058498
110,MMNMN-,87413.0,0.3606255932058498
111,RRNRN-,87413.0,0.3606255932058498
112,MMNMN-,87413.0,0.3606255932058498
113,RRNRN-,87413.0,0.3606255932058498
114,RRNRN-,87413.0,0.3606255932058498
115,TBBBB-,87413.0,0.3606255932058498
116,KKNKN-,87413.0,0.3606255932058498
117,CHHHH-,87413.0,0.3606255932058498
118,RRNRN-,87413.0,0.3606255932058498
119,KKNKN-,87413.0,0.3606255932058498
120,MMNMN-,87413.0,0.3606255932058498
121,MMNMN-,87413.0,0.3606255932058498
122,TTATTC,87841.0,0.36114410689394344
123,MMNMN-,87841.0,0.36114410689394344
124,MMNMN-,87841.0,0.36114410689394344
125,MMNMN-,87841.0,0.36114410689394344
126,MMNMN-,87841.0,0.36114410689394344
127,KKNKN-,87841.0,0.36114410689394344
128,MMNMN-,87841.0,0.36114410689394344
129,MMNMN-,87841.0,0.36114410689394344
130,GRNDD-,87841.0,0.36114410689394344
131,MMNMN-,87841.0,0.36114410689394344
132,TBBBB-,87841.0,0.36114410689394344
133,YYNYN-,87841.0,0.36114410689394344
134,YYNYN-,87841.0,0.36114410689394344
135,GDDDD-,87841.0,0.36114410689394344
136,YYNYN-,87841.0,0.36114410689394344
137,RRNRN-,87841.0,0.36114410689394344
138,YYNYN-,87841.0,0.36114410689394344
139,TCVCAT,89139.0,0.3611327551153575
140,MMNMN-,89139.0,0.3611327551153575
141,MMNMN-,89139.0,0.3611327551153575
142,TCCASG,89351.0,0.3613497557421456
143,CHHHH-,89351.0,0.3613497557421456
144,RRNRN-,89351.0,0.3613497557421456
145,MMNMN-,89351.0,0.3613497557421456
146,TTTDN-,89351.0,0.3613497557421456
147,CHHHH-,89351.0,0.3613497557421456
148,MMNMN-,89351.0,0.3613497557421456
149,KKNKN-,89351.0,0.3613497557421456
150,MMNMN-,89351.0,0.3613497557421456
151,YYNYN-,89351.0,0.3613497557421456
152,MMNMN-,89351.0,0.3613497557421456
153,MMNMN-,89351.0,0.3613497557421456
154,YYNYN-,89351.0,0.3613497557421456
155,MMNMN-,89351.0,0.3613497557421456
156,MMNMN-,89351.0,0.3613497557421456
157,KTGCGA,89768.0,0.3620761084268985
158,MMNMN-,89768.0,0.3620761084268985
159,TBBBB-,89768.0,0.3620761084268985
160,ASVVV-,89768.0,0.3620761084268985
161,MMNMN-,89768.0,0.3620761084268985
162,MMNMN-,89768.0,0.3620761084268985
163,KTATGT,90048.0,0.36232656694676113
164,GDDDD-,90048.0,0.36232656694676113
165,TBBBB-,90048.0,0.36232656694676113
166,MMNMN-,90048.0,0.36232656694676113
167,MACNN-,90048.0,0.36232656694676113
168,RRNRN-,90048.0,0.36232656694676113
169,MMNMN-,90048.0,0.36232656694676113
170,GRNDD-,90048.0,0.36232656694676113
171,CHHHH-,90048.0,0.36232656694676113
172,MMNMN-,90048.0,0.36232656694676113
173,RRNRN-,90048.0,0.36232656694676113
174,RRNRN-,90048.0,0.36232656694676113
175,TBBBB-,90048.0,0.36232656694676113
176,RRNRN-,90048.0,0.36232656694676113
177,MMNMN-,90048.0,0.36232656694676113
178,MMNMN-,90048.0,0.36232656694676113
179,KKNKN-,90048.0,0.36232656694676113
180,RRNRN-,90048.0,0.36232656694676113
181,YYNYN-,90048.0,0.36232656694676113
182,MMNMN-,90048.0,0.36232656694676113
183,MMNMN-,90048.0,0.36232656694676113
184,AVVVV-,90048.0,0.36232656694676113
185,MMNMN-,90048.0,0.36232656694676113
186,TCGCGC,90120.0,0.36243634834753846
187,MMNMN-,90120.0,0.36243634834753846
188,MMNMN-,90120.0,0.36243634834753846
189,RRNRN-,90120.0,0.36243634834753846
190,MMNMN-,90120.0,0.36243634834753846
191,MMNMN-,90120.0,0.36243634834753846
192,MMNMN-,90120.0,0.36243634834753846
193,MMNMN-,90120.0,0.36243634834753846
194,TBBBB-,90120.0,0.36243634834753846
195,MMNMN-,90120.0,0.36243634834753846
196,RRNRN-,90120.0,0.36243634834753846
197,MMNMN-,90120.0,0.36243634834753846
198,MMNMN-,90120.0,0.36243634834753846
199,MMNMN-,90120.0,0.36243634834753846
200,MMNMN-,90120.0,0.36243634834753846
201,GDDDD-,90120.0,0.36243634834753846
202,MMNMN-,90120.0,0.36243634834753846
203,MMNMN-,90120.0,0.36243634834753846
204,MMNMN-,90120.0,0.36243634834753846
205,RRNRN-,90120.0,0.36243634834753846
206,MMNMN-,90120.0,0.36243634834753846
207,YYNYN-,90120.0,0.36243634834753846
208,YCNYN-,90120.0,0.36243634834753846
209,MMNMN-,90120.0,0.36243634834753846
210,MMNMN-,90120.0,0.36243634834753846
211,MMNMN-,90120.0,0.36243634834753846
212,MMNMN-,90120.0,0.36243634834753846
213,MMNMN-,90120.0,0.36243634834753846
214,MMNMN-,90120.0,0.36243634834753846
215,CHHHH-,90120.0,0.36243634834753846
216,CHHHH-,90120.0,0.36243634834753846
217,TCSGTG,90315.0,0.3624505977788477
218,RRNRN-,90315.0,0.3624505977788477
219,MMNMN-,90315.0,0.3624505977788477
220,GKNDD-,90315.0,0.3624505977788477
221,MMNMN-,90315.0,0.3624505977788477
222,CHHHH-,90315.0,0.3624505977788477
223,RRNRN-,90315.0,0.3624505977788477
224,MMNMN-,90315.0,0.3624505977788477
225,CCTAGA,90482.0,0.3627536894066722
226,RRNRN-,90482.0,0.3627536894066722
227,CHHHH-,90482.0,0.3627536894066722
228,GDDDD-,90482.0,0.3627536894066722
229,MMNMN-,90482.0,0.3627536894066722
230,MMNMN-,90482.0,0.3627536894066722
231,GRNDD-,90482.0,0.3627536894066722
232,YYNYN-,90482.0,0.3627536894066722
233,GRNDD-,90482.0,0.3627536894066722
234,CHHHH-,90482.0,0.3627536894066722
235,RRNRN-,90482.0,0.3627536894066722
236,RRNRN-,90482.0,0.3627536894066722
237,MMNMN-,90482.0,0.3627536894066722
238,MMNMN-,90482.0,0.3627536894066722
239,RRNRN-,90482.0,0.3627536894066722
240,MMNMN-,90482.0,0.3627536894066722
241,MMNMN-,90482.0,0.3627536894066722
242,MMNMN-,90482.0,0.3627536894066722
243,MMNMN-,90482.0,0.3627536894066722
244,MMNMN-,90482.0,0.3627536894066722
245,RRNRN-,90482.0,0.3627536894066722
246,TBBBB-,90482.0,0.3627536894066722
247,MMNMN-,90482.0,0.3627536894066722
248,TTNBN-,90482.0,0.3627536894066722
249,MMNMN-,90482.0,0.3627536894066722
250,MMNMN-,90482.0,0.3627536894066722
251,MMNMN-,90482.0,0.3627536894066722
252,MMNMN-,90482.0,0.3627536894066722
253,MMNMN-,90482.0,0.3627536894066722
254,MMNMN-,90482.0,0.3627536894066722
255,MMNMN-,90482.0,0.3627536894066722
256,CHHHH-,90482.0,0.3627536894066722
257,MMNMN-,90482.0,0.3627536894066722
258,MMNMN-,90482.0,0.3627536894066722
259,RRNRN-,90482.0,0.3627536894066722
260,GRGSGT,90782.0,0.3628760771271317
261,MMNMN-,90782.0,0.3628760771271317
262,MMNMN-,90782.0,0.3628760771271317
263,MCNMN-,90782.0,0.3628760771271317
264,TBBBB-,90782.0,0.3628760771271317
265,MMNMN-,90782.0,0.3628760771271317
266,MMNMN-,90782.0,0.3628760771271317
267,MCNMN-,90782.0,0.3628760771271317
268,MMNMN-,90782.0,0.3628760771271317
269,MMNMN-,90782.0,0.3628760771271317
270,TBBBB-,90782.0,0.3628760771271317
271,YYNYN-,90782.0,0.3628760771271317
272,MMNMN-,90782.0,0.3628760771271317
273,MMNMN-,90782.0,0.3628760771271317
274,MMNMN-,90782.0,0.3628760771271317
275,YYNYN-,90782.0,0.3628760771271317
276,CHHHH-,90782.0,0.3628760771271317
277,MMNMN-,90782.0,0.3628760771271317
278,MMNMN-,90782.0,0.3628760771271317
279,MMNMN-,90782.0,0.3628760771271317
280,MMNMN-,90782.0,0.3628760771271317
281,YYNYN-,90782.0,0.3628760771271317
282,RRNRN-,90782.0,0.3628760771271317
283,RRNRN-,90782.0,0.3628760771271317
284,MCCGAT,91274.0,0.36289108724331587
285,MMNMN-,91274.0,0.36289108724331587
286,MMNMN-,91274.0,0.36289108724331587
287,MMNMN-,91274.0,0.36289108724331587
288,GDDDD-,91274.0,0.36289108724331587
289,YYNYN-,91274.0,0.36289108724331587
290,RRNRN-,91274.0,0.36289108724331587
291,YYNYN-,91274.0,0.36289108724331587
292,AVVVV-,91274.0,0.36289108724331587
293,RRNRN-,91274.0,0.36289108724331587
294,MMNMN-,91274.0,0.36289108724331587
295,MMNMN-,91274.0,0.36289108724331587
296,MMNMN-,91274.0,0.36289108724331587
297,MMNMN-,91274.0,0.36289108724331587
298,CTNHH-,91274.0,0.36289108724331587
299,MMNMN-,91274.0,0.36289108724331587
300,MMNMN-,91274.0,0.36289108724331587
301,MMNMN-,91274.0,0.36289108724331587
302,GDDDD-,91274.0,0.36289108724331587
303,MMNMN-,91274.0,0.36289108724331587
304,GDDDD-,91274.0,0.36289108724331587
305,MMNMN-,91274.0,0.36289108724331587
306,CHHHH-,91274.0,0.36289108724331587
307,MMNMN-,91274.0,0.36289108724331587
308,AACTTG,92061.0,0.3633498235003511
309,MMNMN-,92061.0,0.3633498235003511
310,MANMN-,92061.0,0.3633498235003511
311,MMNMN-,92061.0,0.3633498235003511
312,GWDDD-,92061.0,0.3633498235003511
313,MMNMN-,92061.0,0.3633498235003511
314,ASVVV-,92061.0,0.3633498235003511
315,MMNMN-,92061.0,0.3633498235003511
316,MMNMN-,92061.0,0.3633498235003511
317,CHHHH-,92061.0,0.3633498235003511
318,TCNBB-,92061.0,0.3633498235003511
319,MMNMN-,92061.0,0.3633498235003511
320,CHHHH-,92061.0,0.3633498235003511
321,CHHHH-,92061.0,0.3633498235003511
322,MMNMN-,92061.0,0.3633498235003511
323,MMNMN-,92061.0,0.3633498235003511
324,GRNDD-,92061.0,0.3633498235003511
325,TBBBB-,92061.0,0.3633498235003511
326,MMNMN-,92061.0,0.3633498235003511
327,GDDDD-,92061.0,0.3633498235003511
328,YYNYN-,92061.0,0.3633498235003511
329,GRMAGC,93567.0,0.3633125052789402
330,CHHHH-,93567.0,0.3633125052789402
331,MMNMN-,93567.0,0.3633125052789402
332,RRNRN-,93567.0,0.3633125052789402
333,CHHHH-,93567.0,0.3633125052789402
334,RRNRN-,93567.0,0.3633125052789402
335,TCTCGG,93644.0,0.3635260760430877
336,MMNMN-,93644.0,0.3635260760430877
337,MMNMN-,93644.0,0.3635260760430877
338,MMNMN-,93644.0,0.3635260760430877
339,MMNMN-,93644.0,0.3635260760430877
340,YYNYN-,93644.0,0.3635260760430877
341,MMNMN-,93644.0,0.3635260760430877
342,MMNMN-,93644.0,0.3635260760430877
343,RRNRN-,93644.0,0.3635260760430877
344,TBBBB-,93644.0,0.3635260760430877
345,TBBBB-,93644.0,0.3635260760430877
346,MMNMN-,93644.0,0.3635260760430877
347,ACMGTA,94279.0,0.36366430671725175
348,YYNYN-,94279.0,0.36366430671725175
349,RRNRN-,94279.0,0.36366430671725175
350,CTNHH-,94279.0,0.36366430671725175
351,CTATTG,94525.0,0.3638598276749057
352,MMNMN-,94525.0,0.3638598276749057
353,MMNMN-,94525.0,0.3638598276749057
354,MMNMN-,94525.0,0.3638598276749057
355,MMNMN-,94525.0,0.3638598276749057
356,MMNMN-,94525.0,0.3638598276749057
357,MMNMN-,94525.0,0.3638598276749057
358,MMNMN-,94525.0,0.3638598276749057
359,GDDDD-,94525.0,0.3638598276749057
360,RRNRN-,94525.0,0.3638598276749057
361,MMNMN-,94525.0,0.3638598276749057
362,ARNVV-,94525.0,0.3638598276749057
363,MMNMN-,94525.0,0.3638598276749057
364,MMNMN-,94525.0,0.3638598276749057
365,MMNMN-,94525.0,0.3638598276749057
366,MMNMN-,94525.0,0.3638598276749057
367,RRNRN-,94525.0,0.3638598276749057
368,MMNMN-,94525.0,0.3638598276749057
369,TBBBB-,94525.0,0.3638598276749057
370,RRNRN-,94525.0,0.3638598276749057
371,MMNMN-,94525.0,0.3638598276749057
372,MMNMN-,94525.0,0.3638598276749057
373,MMNMN-,94525.0,0.3638598276749057
374,RRNRN-,94525.0,0.3638598276749057
375,MMNMN-,94525.0,0.3638598276749057
376,ASVVV-,94525.0,0.3638598276749057
377,CHHHH-,94525.0,0.3638598276749057
378,MMNMN-,94525.0,0.3638598276749057
379,MMNMN-,94525.0,0.3638598276749057
380,CHHHH-,94525.0,0.3638598276749057
381,MMNMN-,94525.0,0.3638598276749057
382,YCNYN-,94525.0,0.3638598276749057
383,MMNMN-,94525.0,0.3638598276749057
384,MMNMN-,94525.0,0.3638598276749057
385,MMNMN-,94525.0,0.3638598276749057
386,MMNMN-,94525.0,0.3638598276749057
387,GDDDD-,94525.0,0.3638598276749057
388,MMNMN-,94525.0,0.3638598276749057
389,AVVVV-,94525.0,0.3638598276749057
390,YYNYN-,94525.0,0.3638598276749057
391,MMNMN-,94525.0,0.3638598276749057
392,MMNMN-,94525.0,0.3638598276749057
393,MMNMN-,94525.0,0.3638598276749057
394,MMNMN-,94525.0,0.3638598276749057
395,MMNMN-,94525.0,0.3638598276749057
396,RRNRN-,94525.0,0.3638598276749057
397,MMNMN-,94525.0,0.3638598276749057
398,YCNYN-,94525.0,0.3638598276749057
399,YYNYN-,94525.0,0.3638598276749057
400,RRNRN-,94525.0,0.3638598276749057
401,MMNMN-,94525.0,0.3638598276749057
402,MMNMN-,94525.0,0.3638598276749057
403,AVVVV-,94525.0,0.3638598276749057
404,MMNMN-,94525.0,0.3638598276749057
405,RRNRN-,94525.0,0.3638598276749057
406,MMNMN-,94525.0,0.3638598276749057
407,RRNRN-,94525.0,0.3638598276749057
408,MMNMN-,94525.0,0.3638598276749057
409,MMNMN-,94525.0,0.3638598276749057
410,MMNMN-,94525.0,0.3638598276749057
411,RRNRN-,94525.0,0.3638598276749057
412,CHHHH-,94525.0,0.3638598276749057
413,MMNMN-,94525.0,0.3638598276749057
414,MMNMN-,94525.0,0.3638598276749057
415,MMNMN-,94525.0,0.3638598276749057
416,CHHHH-,94525.0,0.3638598276749057
417,MMNMN-,94525.0,0.3638598276749057
418,MMNMN-,94525.0,0.3638598276749057
419,MMNMN-,94525.0,0.3638598276749057
420,MMNMN-,94525.0,0.3638598276749057
421,MMNMN-,94525.0,0.3638598276749057
422,MMNMN-,94525.0,0.3638598276749057
423,MMNMN-,94525.0,0.3638598276749057
424,MMNMN-,94525.0,0.3638598276749057
425,MMNMN-,94525.0,0.3638598276749057
426,MMNMN-,94525.0,0.3638598276749057
427,RRNRN-,94525.0,0.3638598276749057
428,MMNMN-,94525.0,0.3638598276749057
429,MMNMN-,94525.0,0.3638598276749057
430,RRNRN-,94525.0,0.3638598276749057
431,RRNRN-,94525.0,0.3638598276749057
432,CTYTGT,95475.0,0.3640079637345142
433,MMNMN-,95475.0,0.3640079637345142
434,GDDDD-,95475.0,0.3640079637345142
435,MMNMN-,95475.0,0.3640079637345142
436,MMNMN-,95475.0,0.3640079637345142
437,MMNMN-,95475.0,0.3640079637345142
438,RANRN-,95475.0,0.3640079637345142
439,MANMN-,95475.0,0.3640079637345142
440,MMNMN-,95475.0,0.3640079637345142
441,TCGGGS,95546.0,0.36419773858457377
442,MMNMN-,95546.0,0.36419773858457377
443,MMNMN-,95546.0,0.36419773858457377
444,MMNMN-,95546.0,0.36419773858457377
445,TTACAT,95730.0,0.3646670642334872
446,TBBBB-,95730.0,0.3646670642334872
447,AVVVV-,95730.0,0.3646670642334872
448,TCNBB-,95730.0,0.3646670642334872
449,GGRACA,96282.0,0.3647355513432457
450,MMNMN-,96282.0,0.3647355513432457
451,MMNMN-,96282.0,0.3647355513432457
452,TBBBB-,96282.0,0.3647355513432457
453,MMNMN-,96282.0,0.3647355513432457
