run,randomer,cumulative_genes_hit,cumulative_hits,cumulative_dist_score
1,GWAADA,1586.0,5599.0,0.1178160204919052
2,GWTADT,1755.0,9373.0,0.19705807281080723
3,CYRTAA,1807.0,12241.0,0.21816769196140662
4,AAAHRA,1852.0,21127.0,0.24202687024961958
5,ASCAAT,1867.0,24151.0,0.2545963013648132
6,TTYTTA,1880.0,27672.0,0.2775349543720716
7,TTWCAT,1884.0,29915.0,0.2898687631834502
8,YTGWCA,1889.0,33180.0,0.29809465312589817
9,GWWTGT,1892.0,34669.0,0.3039729677396349
10,TCARMA,1894.0,40687.0,0.31050048746118747
11,YTYTGT,1895.0,43839.0,0.31416620058647665
12,TSTTTA,1895.0,46221.0,0.31804250483619473
13,TGCBAT,1895.0,47800.0,0.3217548946913122
14,CACVAA,1895.0,49947.0,0.3241727370252974
15,YTKATG,1895.0,51730.0,0.32567387791690217
16,GTTHAA,1895.0,54062.0,0.32782079241102613
17,TTTSTA,1895.0,55795.0,0.3312527437125735
18,MCKAAT,1895.0,57485.0,0.33333718684272434
19,TGATAS,1895.0,58897.0,0.3348488518431197
20,ARACAT,1895.0,60429.0,0.3359527200488379
21,KGCTAA,1895.0,61534.0,0.3375863420984097
22,GAGGBC,1895.0,61796.0,0.33796651729810323
23,AACGCG,1895.0,61958.0,0.33863146437977654
24,GACGAA,1895.0,62298.0,0.3389010666440179
25,TBGTGA,1895.0,63253.0,0.3398519614586416
26,GTGABT,1895.0,63992.0,0.3409877052142067
27,CTGGGA,1895.0,64157.0,0.3414816593445049
28,GAYATR,1895.0,65407.0,0.34259597757862664
29,MAAGCC,1895.0,66646.0,0.34300538230142485
30,TCRYAT,1895.0,68228.0,0.3447790716112196
31,AGTGCA,1895.0,68428.0,0.34482300408029976
32,MMNMN-,1895.0,68428.0,0.34482300408029976
33,CTAAKT,1895.0,69777.0,0.3456049165427487
34,GATGMC,1895.0,70318.0,0.3464140841551275
35,AGACAA,1895.0,70893.0,0.3471571616129639
36,GACTGT,1895.0,71297.0,0.3476011885623276
37,CCKCAT,1895.0,71901.0,0.3477393347404486
38,RRNRN-,1895.0,71901.0,0.3477393347404486
39,GTATGC,1895.0,72020.0,0.3479974210164312
40,TCGGCC,1895.0,72098.0,0.3480645424833732
41,MMNMN-,1895.0,72098.0,0.3480645424833732
42,GAKGGT,1895.0,72502.0,0.3482755662669338
43,GATTCA,1895.0,73019.0,0.3487662277138087
44,KTAGYG,1895.0,73622.0,0.34905923254686644
45,CCACGW,1895.0,74021.0,0.34966214685227026
46,AAGTCT,1895.0,74605.0,0.34997951235154934
47,TTTGGC,1895.0,75342.0,0.350058165146678
48,AAATTC,1895.0,76745.0,0.35037865823939385
49,TTATTC,1895.0,77173.0,0.35123289495719545
50,CTGCTA,1895.0,77804.0,0.351775705131167
51,GWAACG,1895.0,78239.0,0.35191490770760137
52,MMNMN-,1895.0,78239.0,0.35191490770760137
53,TTGTAT,1895.0,78781.0,0.3521833773344973
54,GTSGGG,1895.0,78843.0,0.3522613787128412
55,TGTAYG,1895.0,79161.0,0.35301794020486055
56,CCTAGA,1895.0,79328.0,0.3535346967267664
57,ARCAAG,1895.0,80665.0,0.3542170946622236
58,YYNYN-,1895.0,80665.0,0.3542170946622236
59,GTKCAG,1895.0,81156.0,0.35453714396589536
60,MCTATT,1895.0,81721.0,0.35482554437948977
61,MMNMN-,1895.0,81721.0,0.35482554437948977
62,GTGCGA,1895.0,81813.0,0.3552572628709054
63,CTCGTC,1895.0,81927.0,0.355397305175303
64,TGTMAT,1895.0,83580.0,0.355782579766423
65,TTCTTT,1895.0,86335.0,0.356839550773542
66,AATSTA,1895.0,87071.0,0.3568536410001887
67,TTCTMG,1895.0,87645.0,0.35761834577684765
68,MMNMN-,1895.0,87645.0,0.35761834577684765
69,MMNMN-,1895.0,87645.0,0.35761834577684765
70,MMNMN-,1895.0,87645.0,0.35761834577684765
71,CTAWTG,1895.0,88173.0,0.35765323454786646
72,MMNMN-,1895.0,88173.0,0.35765323454786646
73,MMNMN-,1895.0,88173.0,0.35765323454786646
74,ASAGCG,1895.0,88533.0,0.3578697275673173
75,TGTCKA,1895.0,88862.0,0.3582543766957859
76,MMNMN-,1895.0,88862.0,0.3582543766957859
77,MMNMN-,1895.0,88862.0,0.3582543766957859
78,ACAGTA,1895.0,89246.0,0.3586391513865198
79,TCCAGG,1895.0,89323.0,0.35873280921262807
80,AGCGYA,1895.0,89739.0,0.35898550240140853
81,MMNMN-,1895.0,89739.0,0.35898550240140853
82,AATSCC,1895.0,90826.0,0.3593109735209373
83,MCCGAT,1895.0,91318.0,0.3595640837050811
84,GGYGGG,1895.0,91416.0,0.3596596852742358
85,GGCGTA,1895.0,91526.0,0.35966423411908227
86,YYNYN-,1895.0,91526.0,0.35966423411908227
87,MMNMN-,1895.0,91526.0,0.35966423411908227
88,MMNMN-,1895.0,91526.0,0.35966423411908227
89,MMNMN-,1895.0,91526.0,0.35966423411908227
90,AMTGTT,1895.0,92890.0,0.3604944462689638
91,TGTTCA,1895.0,93646.0,0.36082874630386036
92,AGTCGY,1895.0,94074.0,0.3610144998519435
93,MMNMN-,1895.0,94074.0,0.3610144998519435
94,MMNMN-,1895.0,94074.0,0.3610144998519435
95,MMNMN-,1895.0,94074.0,0.3610144998519435
96,MMNMN-,1895.0,94074.0,0.3610144998519435
97,MMNMN-,1895.0,94074.0,0.3610144998519435
98,MMNMN-,1895.0,94074.0,0.3610144998519435
99,GTTTGA,1895.0,94868.0,0.361237884342606
100,GTTTCT,1895.0,95618.0,0.36166570159229766
101,MMNMN-,1895.0,95618.0,0.36166570159229766
102,YYNYN-,1895.0,95618.0,0.36166570159229766
103,MMNMN-,1895.0,95618.0,0.36166570159229766
104,KGGCGT,1895.0,95895.0,0.3620801628363301
105,MMNMN-,1895.0,95895.0,0.3620801628363301
106,AARTGT,1895.0,96960.0,0.36247373748450795
107,TCSGTG,1895.0,97155.0,0.36248690866979927
108,MMNMN-,1895.0,97155.0,0.36248690866979927
109,MMNMN-,1895.0,97155.0,0.36248690866979927
110,MMNMN-,1895.0,97155.0,0.36248690866979927
111,ARACSC,1895.0,98017.0,0.36264364973457414
112,CTCAAC,1895.0,98383.0,0.36308254260420536
113,RRNRN-,1895.0,98383.0,0.36308254260420536
114,TCGSGC,1895.0,98503.0,0.36333019221800994
115,MMNMN-,1895.0,98503.0,0.36333019221800994
116,GGCAGC,1895.0,98867.0,0.3633673742916527
117,CTGTAT,1895.0,99487.0,0.36355416790243655
118,TTATGT,1895.0,99645.0,0.36357952588228293
119,MMNMN-,1895.0,99645.0,0.36357952588228293
120,AGTAYG,1895.0,99960.0,0.3637536238123942
121,MMNMN-,1895.0,99960.0,0.3637536238123942
122,MMNMN-,1895.0,99960.0,0.3637536238123942
123,CTTTTT,1895.0,102845.0,0.3658334928253221
124,MMNMN-,1895.0,102845.0,0.3658334928253221
125,TGCTAC,1895.0,103108.0,0.36594724568020853
126,MMNMN-,1895.0,103108.0,0.36594724568020853
127,TTTAGT,1895.0,103775.0,0.36613779202205354
128,TCGCTG,1895.0,103988.0,0.3661567409027559
129,MMNMN-,1895.0,103988.0,0.3661567409027559
130,MMNMN-,1895.0,103988.0,0.3661567409027559
131,TCTCGR,1895.0,104219.0,0.3664959736886417
132,MMNMN-,1895.0,104219.0,0.3664959736886417
133,MMNMN-,1895.0,104219.0,0.3664959736886417
134,MMNMN-,1895.0,104219.0,0.3664959736886417
135,MMNMN-,1895.0,104219.0,0.3664959736886417
136,MMNMN-,1895.0,104219.0,0.3664959736886417
137,YYNYN-,1895.0,104219.0,0.3664959736886417
138,MMNMN-,1895.0,104219.0,0.3664959736886417
139,MMNMN-,1895.0,104219.0,0.3664959736886417
140,RRNRN-,1895.0,104219.0,0.3664959736886417
141,GGAAAC,1895.0,104497.0,0.3666304554238107
142,MMNMN-,1895.0,104497.0,0.3666304554238107
143,TTGCGA,1895.0,104822.0,0.36686675269556823
144,MMNMN-,1895.0,104822.0,0.36686675269556823
145,RRNRN-,1895.0,104822.0,0.36686675269556823
146,MMNMN-,1895.0,104822.0,0.36686675269556823
147,TGYGAG,1895.0,105063.0,0.3669384666166344
148,RRNRN-,1895.0,105063.0,0.3669384666166344
149,MMNMN-,1895.0,105063.0,0.3669384666166344
150,MMNMN-,1895.0,105063.0,0.3669384666166344
151,MMNMN-,1895.0,105063.0,0.3669384666166344
152,MMNMN-,1895.0,105063.0,0.3669384666166344
153,MMNMN-,1895.0,105063.0,0.3669384666166344
154,YYNYN-,1895.0,105063.0,0.3669384666166344
155,MMNMN-,1895.0,105063.0,0.3669384666166344
156,YYNYN-,1895.0,105063.0,0.3669384666166344
157,RRNRN-,1895.0,105063.0,0.3669384666166344
158,MMNMN-,1895.0,105063.0,0.3669384666166344
159,CTTTGC,1895.0,105558.0,0.36718719958224016
160,MMNMN-,1895.0,105558.0,0.36718719958224016
161,MMNMN-,1895.0,105558.0,0.36718719958224016
162,MMNMN-,1895.0,105558.0,0.36718719958224016
163,MMNMN-,1895.0,105558.0,0.36718719958224016
164,CCCGCA,1895.0,105714.0,0.3672882546164482
165,TCGTTA,1895.0,105984.0,0.3673333304668868
166,TGACAC,1895.0,106297.0,0.36734239456210366
167,RRNRN-,1895.0,106297.0,0.36734239456210366
168,TGGAGT,1895.0,106454.0,0.36736395879157485
169,TGTGCC,1895.0,106683.0,0.3677371040217695
170,MMNMN-,1895.0,106683.0,0.3677371040217695
171,MMNMN-,1895.0,106683.0,0.3677371040217695
172,RRNRN-,1895.0,106683.0,0.3677371040217695
173,MMNMN-,1895.0,106683.0,0.3677371040217695
174,MMNMN-,1895.0,106683.0,0.3677371040217695
175,MMNMN-,1895.0,106683.0,0.3677371040217695
176,TTAGAC,1895.0,106939.0,0.368015710521985
177,MMNMN-,1895.0,106939.0,0.368015710521985
178,MMNMN-,1895.0,106939.0,0.368015710521985
179,MMNMN-,1895.0,106939.0,0.368015710521985
180,MMNMN-,1895.0,106939.0,0.368015710521985
181,MMNMN-,1895.0,106939.0,0.368015710521985
182,MMNMN-,1895.0,106939.0,0.368015710521985
183,MMNMN-,1895.0,106939.0,0.368015710521985
184,MMNMN-,1895.0,106939.0,0.368015710521985
185,YYNYN-,1895.0,106939.0,0.368015710521985
186,GACTCC,1895.0,107093.0,0.3680837992421193
187,AAGCAA,1895.0,108268.0,0.36815094251972647
188,RGGGGT,1895.0,108376.0,0.368226737730402
189,RRNRN-,1895.0,108376.0,0.368226737730402
190,AACTTG,1895.0,109163.0,0.36872163181362627
191,MMNMN-,1895.0,109163.0,0.36872163181362627
192,YYNYN-,1895.0,109163.0,0.36872163181362627
193,RRNRN-,1895.0,109163.0,0.36872163181362627
194,MMNMN-,1895.0,109163.0,0.36872163181362627
195,MMNMN-,1895.0,109163.0,0.36872163181362627
196,MMNMN-,1895.0,109163.0,0.36872163181362627
197,MMNMN-,1895.0,109163.0,0.36872163181362627
198,MAAAAC,1895.0,111709.0,0.36879982359228786
199,CAACGA,1895.0,112000.0,0.36884107519590115
200,MMNMN-,1895.0,112000.0,0.36884107519590115
201,MMNMN-,1895.0,112000.0,0.36884107519590115
202,MMNMN-,1895.0,112000.0,0.36884107519590115
203,MMNMN-,1895.0,112000.0,0.36884107519590115
204,RRNRN-,1895.0,112000.0,0.36884107519590115
205,MMNMN-,1895.0,112000.0,0.36884107519590115
206,MMNMN-,1895.0,112000.0,0.36884107519590115
207,MMNMN-,1895.0,112000.0,0.36884107519590115
208,MMNMN-,1895.0,112000.0,0.36884107519590115
209,MMNMN-,1895.0,112000.0,0.36884107519590115
210,MMNMN-,1895.0,112000.0,0.36884107519590115
211,MMNMN-,1895.0,112000.0,0.36884107519590115
212,MMNMN-,1895.0,112000.0,0.36884107519590115
213,TCGTAA,1895.0,112409.0,0.36888610470211386
214,YYNYN-,1895.0,112409.0,0.36888610470211386
215,MMNMN-,1895.0,112409.0,0.36888610470211386
216,GTGTAT,1895.0,112658.0,0.3689224689817725
217,RRNRN-,1895.0,112658.0,0.3689224689817725
218,MMNMN-,1895.0,112658.0,0.3689224689817725
219,MMNMN-,1895.0,112658.0,0.3689224689817725
220,MMNMN-,1895.0,112658.0,0.3689224689817725
221,MMNMN-,1895.0,112658.0,0.3689224689817725
222,YYNYN-,1895.0,112658.0,0.3689224689817725
223,MMNMN-,1895.0,112658.0,0.3689224689817725
224,MMNMN-,1895.0,112658.0,0.3689224689817725
225,MMNMN-,1895.0,112658.0,0.3689224689817725
226,MMNMN-,1895.0,112658.0,0.3689224689817725
227,MMNMN-,1895.0,112658.0,0.3689224689817725
228,GKGGCG,1895.0,112744.0,0.3689247377502252
229,MMNMN-,1895.0,112744.0,0.3689247377502252
230,TTCGAT,1895.0,113117.0,0.36922796675664854
231,MMNMN-,1895.0,113117.0,0.36922796675664854
232,YYNYN-,1895.0,113117.0,0.36922796675664854
233,MMNMN-,1895.0,113117.0,0.36922796675664854
234,MMNMN-,1895.0,113117.0,0.36922796675664854
235,MMNMN-,1895.0,113117.0,0.36922796675664854
236,MMNMN-,1895.0,113117.0,0.36922796675664854
237,MMNMN-,1895.0,113117.0,0.36922796675664854
238,MMNMN-,1895.0,113117.0,0.36922796675664854
239,GTTAGG,1895.0,113248.0,0.3692950902421839
240,MMNMN-,1895.0,113248.0,0.3692950902421839
241,MMNMN-,1895.0,113248.0,0.3692950902421839
242,GTCGAG,1895.0,113290.0,0.3692993374607491
243,MMNMN-,1895.0,113290.0,0.3692993374607491
244,YYNYN-,1895.0,113290.0,0.3692993374607491
245,RRNRN-,1895.0,113290.0,0.3692993374607491
246,MMNMN-,1895.0,113290.0,0.3692993374607491
247,YYNYN-,1895.0,113290.0,0.3692993374607491
248,MMNMN-,1895.0,113290.0,0.3692993374607491
249,MMNMN-,1895.0,113290.0,0.3692993374607491
250,MMNMN-,1895.0,113290.0,0.3692993374607491
251,MMNMN-,1895.0,113290.0,0.3692993374607491
252,MMNMN-,1895.0,113290.0,0.3692993374607491
253,MMNMN-,1895.0,113290.0,0.3692993374607491
254,MMNMN-,1895.0,113290.0,0.3692993374607491
255,MMNMN-,1895.0,113290.0,0.3692993374607491
256,RRNRN-,1895.0,113290.0,0.3692993374607491
257,CTGAAT,1895.0,113977.0,0.36931825648886374
258,MMNMN-,1895.0,113977.0,0.36931825648886374
259,MMNMN-,1895.0,113977.0,0.36931825648886374
260,MMNMN-,1895.0,113977.0,0.36931825648886374
261,MMNMN-,1895.0,113977.0,0.36931825648886374
262,MMNMN-,1895.0,113977.0,0.36931825648886374
263,MMNMN-,1895.0,113977.0,0.36931825648886374
264,MMNMN-,1895.0,113977.0,0.36931825648886374
265,MMNMN-,1895.0,113977.0,0.36931825648886374
266,MMNMN-,1895.0,113977.0,0.36931825648886374
267,MMNMN-,1895.0,113977.0,0.36931825648886374
268,MMNMN-,1895.0,113977.0,0.36931825648886374
269,YYNYN-,1895.0,113977.0,0.36931825648886374
270,MMNMN-,1895.0,113977.0,0.36931825648886374
271,MMNMN-,1895.0,113977.0,0.36931825648886374
272,MMNMN-,1895.0,113977.0,0.36931825648886374
273,MMNMN-,1895.0,113977.0,0.36931825648886374
274,MMNMN-,1895.0,113977.0,0.36931825648886374
275,MMNMN-,1895.0,113977.0,0.36931825648886374
276,MMNMN-,1895.0,113977.0,0.36931825648886374
277,MMNMN-,1895.0,113977.0,0.36931825648886374
278,MMNMN-,1895.0,113977.0,0.36931825648886374
279,MMNMN-,1895.0,113977.0,0.36931825648886374
280,MMNMN-,1895.0,113977.0,0.36931825648886374
281,YYNYN-,1895.0,113977.0,0.36931825648886374
282,MMNMN-,1895.0,113977.0,0.36931825648886374
283,MMNMN-,1895.0,113977.0,0.36931825648886374
284,AGTGKC,1895.0,114366.0,0.3693205233239261
285,MMNMN-,1895.0,114366.0,0.3693205233239261
286,MMNMN-,1895.0,114366.0,0.3693205233239261
287,MMNMN-,1895.0,114366.0,0.3693205233239261
288,MMNMN-,1895.0,114366.0,0.3693205233239261
289,MMNMN-,1895.0,114366.0,0.3693205233239261
290,MMNMN-,1895.0,114366.0,0.3693205233239261
291,MMNMN-,1895.0,114366.0,0.3693205233239261
292,MMNMN-,1895.0,114366.0,0.3693205233239261
293,YYNYN-,1895.0,114366.0,0.3693205233239261
294,MMNMN-,1895.0,114366.0,0.3693205233239261
295,MMNMN-,1895.0,114366.0,0.3693205233239261
296,MMNMN-,1895.0,114366.0,0.3693205233239261
297,AAAACK,1895.0,116193.0,0.36932822485330224
298,MMNMN-,1895.0,116193.0,0.36932822485330224
299,YYNYN-,1895.0,116193.0,0.36932822485330224
300,MMNMN-,1895.0,116193.0,0.36932822485330224
301,MMNMN-,1895.0,116193.0,0.36932822485330224
302,RRNRN-,1895.0,116193.0,0.36932822485330224
303,MMNMN-,1895.0,116193.0,0.36932822485330224
304,MMNMN-,1895.0,116193.0,0.36932822485330224
305,YYNYN-,1895.0,116193.0,0.36932822485330224
306,MMNMN-,1895.0,116193.0,0.36932822485330224
307,RRNRN-,1895.0,116193.0,0.36932822485330224
308,RRNRN-,1895.0,116193.0,0.36932822485330224
309,MMNMN-,1895.0,116193.0,0.36932822485330224
310,CCGCAR,1895.0,116620.0,0.36938147772671454
311,YYNYN-,1895.0,116620.0,0.36938147772671454
312,MMNMN-,1895.0,116620.0,0.36938147772671454
313,MMNMN-,1895.0,116620.0,0.36938147772671454
314,MMNMN-,1895.0,116620.0,0.36938147772671454
315,MMNMN-,1895.0,116620.0,0.36938147772671454
316,CAGGAG,1895.0,116802.0,0.369387785033737
317,MMNMN-,1895.0,116802.0,0.369387785033737
318,MMNMN-,1895.0,116802.0,0.369387785033737
319,RRNRN-,1895.0,116802.0,0.369387785033737
320,YYNYN-,1895.0,116802.0,0.369387785033737
321,MMNMN-,1895.0,116802.0,0.369387785033737
322,MMNMN-,1895.0,116802.0,0.369387785033737
323,MMNMN-,1895.0,116802.0,0.369387785033737
324,YYNYN-,1895.0,116802.0,0.369387785033737
325,MMNMN-,1895.0,116802.0,0.369387785033737
326,MMNMN-,1895.0,116802.0,0.369387785033737
327,MMNMN-,1895.0,116802.0,0.369387785033737
328,MMNMN-,1895.0,116802.0,0.369387785033737
329,MMNMN-,1895.0,116802.0,0.369387785033737
330,GATTAT,1895.0,117356.0,0.3694154739669825
331,MMNMN-,1895.0,117356.0,0.3694154739669825
332,MMNMN-,1895.0,117356.0,0.3694154739669825
333,MMNMN-,1895.0,117356.0,0.3694154739669825
334,MMNMN-,1895.0,117356.0,0.3694154739669825
335,MMNMN-,1895.0,117356.0,0.3694154739669825
336,YYNYN-,1895.0,117356.0,0.3694154739669825
337,RAGTCG,1895.0,117643.0,0.36946578454425033
338,MMNMN-,1895.0,117643.0,0.36946578454425033
339,MMNMN-,1895.0,117643.0,0.36946578454425033
340,MMNMN-,1895.0,117643.0,0.36946578454425033
341,MMNMN-,1895.0,117643.0,0.36946578454425033
342,MMNMN-,1895.0,117643.0,0.36946578454425033
343,MMNMN-,1895.0,117643.0,0.36946578454425033
344,MMNMN-,1895.0,117643.0,0.36946578454425033
345,MMNMN-,1895.0,117643.0,0.36946578454425033
346,RRNRN-,1895.0,117643.0,0.36946578454425033
347,RRNRN-,1895.0,117643.0,0.36946578454425033
348,RRNRN-,1895.0,117643.0,0.36946578454425033
349,MMNMN-,1895.0,117643.0,0.36946578454425033
350,MMNMN-,1895.0,117643.0,0.36946578454425033
351,MMNMN-,1895.0,117643.0,0.36946578454425033
352,MMNMN-,1895.0,117643.0,0.36946578454425033
353,MMNMN-,1895.0,117643.0,0.36946578454425033
354,MMNMN-,1895.0,117643.0,0.36946578454425033
355,MMNMN-,1895.0,117643.0,0.36946578454425033
356,TGACGC,1895.0,117887.0,0.36951498178957687
357,MMNMN-,1895.0,117887.0,0.36951498178957687
358,MMNMN-,1895.0,117887.0,0.36951498178957687
359,MMNMN-,1895.0,117887.0,0.36951498178957687
360,MMNMN-,1895.0,117887.0,0.36951498178957687
361,MMNMN-,1895.0,117887.0,0.36951498178957687
362,MMNMN-,1895.0,117887.0,0.36951498178957687
363,MMNMN-,1895.0,117887.0,0.36951498178957687
364,MMNMN-,1895.0,117887.0,0.36951498178957687
365,MMNMN-,1895.0,117887.0,0.36951498178957687
366,MMNMN-,1895.0,117887.0,0.36951498178957687
367,MMNMN-,1895.0,117887.0,0.36951498178957687
368,MMNMN-,1895.0,117887.0,0.36951498178957687
369,MMNMN-,1895.0,117887.0,0.36951498178957687
370,MMNMN-,1895.0,117887.0,0.36951498178957687
371,MMNMN-,1895.0,117887.0,0.36951498178957687
372,MMNMN-,1895.0,117887.0,0.36951498178957687
373,MMNMN-,1895.0,117887.0,0.36951498178957687
374,MMNMN-,1895.0,117887.0,0.36951498178957687
375,MMNMN-,1895.0,117887.0,0.36951498178957687
376,MMNMN-,1895.0,117887.0,0.36951498178957687
377,MMNMN-,1895.0,117887.0,0.36951498178957687
378,MMNMN-,1895.0,117887.0,0.36951498178957687
379,RRNRN-,1895.0,117887.0,0.36951498178957687
380,ACTGAC,1895.0,118319.0,0.3695173917125922
381,MMNMN-,1895.0,118319.0,0.3695173917125922
382,MMNMN-,1895.0,118319.0,0.3695173917125922
383,RRNRN-,1895.0,118319.0,0.3695173917125922
384,RRNRN-,1895.0,118319.0,0.3695173917125922
385,MMNMN-,1895.0,118319.0,0.3695173917125922
386,MMNMN-,1895.0,118319.0,0.3695173917125922
387,MMNMN-,1895.0,118319.0,0.3695173917125922
388,GTGGGC,1895.0,118368.0,0.36956707566077274
389,MMNMN-,1895.0,118368.0,0.36956707566077274
390,MMNMN-,1895.0,118368.0,0.36956707566077274
391,MMNMN-,1895.0,118368.0,0.36956707566077274
392,MMNMN-,1895.0,118368.0,0.36956707566077274
393,MMNMN-,1895.0,118368.0,0.36956707566077274
394,MMNMN-,1895.0,118368.0,0.36956707566077274
395,MMNMN-,1895.0,118368.0,0.36956707566077274
396,MMNMN-,1895.0,118368.0,0.36956707566077274
397,MMNMN-,1895.0,118368.0,0.36956707566077274
398,MMNMN-,1895.0,118368.0,0.36956707566077274
399,MMNMN-,1895.0,118368.0,0.36956707566077274
400,MMNMN-,1895.0,118368.0,0.36956707566077274
401,TCGGGG,1895.0,118391.0,0.3696641219627433
402,MMNMN-,1895.0,118391.0,0.3696641219627433
403,YYNYN-,1895.0,118391.0,0.3696641219627433
404,MMNMN-,1895.0,118391.0,0.3696641219627433
405,KKNKN-,1895.0,118391.0,0.3696641219627433
406,MMNMN-,1895.0,118391.0,0.3696641219627433
407,MMNMN-,1895.0,118391.0,0.3696641219627433
408,MMNMN-,1895.0,118391.0,0.3696641219627433
409,MMNMN-,1895.0,118391.0,0.3696641219627433
410,MMNMN-,1895.0,118391.0,0.3696641219627433
411,MMNMN-,1895.0,118391.0,0.3696641219627433
412,MMNMN-,1895.0,118391.0,0.3696641219627433
413,MMNMN-,1895.0,118391.0,0.3696641219627433
414,MMNMN-,1895.0,118391.0,0.3696641219627433
415,MMNMN-,1895.0,118391.0,0.3696641219627433
416,MMNMN-,1895.0,118391.0,0.3696641219627433
417,YYNYN-,1895.0,118391.0,0.3696641219627433
418,MMNMN-,1895.0,118391.0,0.3696641219627433
419,YYNYN-,1895.0,118391.0,0.3696641219627433
420,MMNMN-,1895.0,118391.0,0.3696641219627433
421,MMNMN-,1895.0,118391.0,0.3696641219627433
422,MMNMN-,1895.0,118391.0,0.3696641219627433
423,MMNMN-,1895.0,118391.0,0.3696641219627433
424,MMNMN-,1895.0,118391.0,0.3696641219627433
425,MMNMN-,1895.0,118391.0,0.3696641219627433
426,MMNMN-,1895.0,118391.0,0.3696641219627433
427,MMNMN-,1895.0,118391.0,0.3696641219627433
428,MMNMN-,1895.0,118391.0,0.3696641219627433
429,KKNKN-,1895.0,118391.0,0.3696641219627433
430,AAGTTT,1895.0,119471.0,0.3698025935499698
431,ACACAG,1895.0,119570.0,0.3700313782615554
432,MMNMN-,1895.0,119570.0,0.3700313782615554
433,MMNMN-,1895.0,119570.0,0.3700313782615554
434,MMNMN-,1895.0,119570.0,0.3700313782615554
435,MMNMN-,1895.0,119570.0,0.3700313782615554
436,MMNMN-,1895.0,119570.0,0.3700313782615554
437,MMNMN-,1895.0,119570.0,0.3700313782615554
438,MMNMN-,1895.0,119570.0,0.3700313782615554
439,AACWCA,1895.0,120174.0,0.3700345645087478
440,ACAAGC,1895.0,120455.0,0.3702334169999231
441,MMNMN-,1895.0,120455.0,0.3702334169999231
442,TGTTTG,1895.0,121196.0,0.3702458882727605
443,MMNMN-,1895.0,121196.0,0.3702458882727605
444,MMNMN-,1895.0,121196.0,0.3702458882727605
445,MMNMN-,1895.0,121196.0,0.3702458882727605
446,MMNMN-,1895.0,121196.0,0.3702458882727605
447,RRNRN-,1895.0,121196.0,0.3702458882727605
448,MMNMN-,1895.0,121196.0,0.3702458882727605
449,TCCACG,1895.0,121331.0,0.37036113540505905
450,RRNRN-,1895.0,121331.0,0.37036113540505905
451,YYNYN-,1895.0,121331.0,0.37036113540505905
452,MMNMN-,1895.0,121331.0,0.37036113540505905
453,MMNMN-,1895.0,121331.0,0.37036113540505905
