run,randomer,cumulative_genes_hit,cumulative_hits,cumulative_interuniformity_score,cumulative_intrauniformity_score,cumulative_score
1,GTAGTG,88.0,90.0,0.9777777777777777,-1.0,2030.888888888889
2,MMNMN-,88.0,90.0,0.9777777777777777,-1.0,2030.888888888889
3,MMNMN-,88.0,90.0,0.9777777777777777,-1.0,2030.888888888889
4,YYNYN-,88.0,90.0,0.9777777777777777,-1.0,2030.888888888889
5,MMNMN-,88.0,90.0,0.9777777777777777,-1.0,2030.888888888889
6,MMNMN-,88.0,90.0,0.9777777777777777,-1.0,2030.888888888889
7,MMNMN-,88.0,90.0,0.9777777777777777,-1.0,2030.888888888889
8,YTNYN-,88.0,90.0,0.9777777777777777,-1.0,2030.888888888889
9,MMNMN-,88.0,90.0,0.9777777777777777,-1.0,2030.888888888889
10,MMNMN-,88.0,90.0,0.9777777777777777,-1.0,2030.888888888889
11,MMNMN-,88.0,90.0,0.9777777777777777,-1.0,2030.888888888889
12,MMNMN-,88.0,90.0,0.9777777777777777,-1.0,2030.888888888889
13,KKNKN-,88.0,90.0,0.9777777777777777,-1.0,2030.888888888889
14,RRNRN-,88.0,90.0,0.9777777777777777,-1.0,2030.888888888889
15,TBBBB-,88.0,90.0,0.9777777777777777,-1.0,2030.888888888889
16,YYNYN-,88.0,90.0,0.9777777777777777,-1.0,2030.888888888889
17,MMNMN-,88.0,90.0,0.9777777777777777,-1.0,2030.888888888889
18,MMNMN-,88.0,90.0,0.9777777777777777,-1.0,2030.888888888889
19,MMNMN-,88.0,90.0,0.9777777777777777,-1.0,2030.888888888889
20,MMNMN-,88.0,90.0,0.9777777777777777,-1.0,2030.888888888889
21,YYNYN-,88.0,90.0,0.9777777777777777,-1.0,2030.888888888889
22,MMNMN-,88.0,90.0,0.9777777777777777,-1.0,2030.888888888889
23,MMNMN-,88.0,90.0,0.9777777777777777,-1.0,2030.888888888889
24,MMNMN-,88.0,90.0,0.9777777777777777,-1.0,2030.888888888889
25,YYNYN-,88.0,90.0,0.9777777777777777,-1.0,2030.888888888889
26,YYNYN-,88.0,90.0,0.9777777777777777,-1.0,2030.888888888889
27,YYNYN-,88.0,90.0,0.9777777777777777,-1.0,2030.888888888889
28,MMNMN-,88.0,90.0,0.9777777777777777,-1.0,2030.888888888889
29,KKNKN-,88.0,90.0,0.9777777777777777,-1.0,2030.888888888889
30,YYNYN-,88.0,90.0,0.9777777777777777,-1.0,2030.888888888889
31,MMNMN-,88.0,90.0,0.9777777777777777,-1.0,2030.888888888889
32,KKNKN-,88.0,90.0,0.9777777777777777,-1.0,2030.888888888889
33,YYNYN-,88.0,90.0,0.9777777777777777,-1.0,2030.888888888889
34,MMNMN-,88.0,90.0,0.9777777777777777,-1.0,2030.888888888889
35,MMNMN-,88.0,90.0,0.9777777777777777,-1.0,2030.888888888889
36,MMNMN-,88.0,90.0,0.9777777777777777,-1.0,2030.888888888889
37,MMNMN-,88.0,90.0,0.9777777777777777,-1.0,2030.888888888889
38,MMNMN-,88.0,90.0,0.9777777777777777,-1.0,2030.888888888889
39,MMNMN-,88.0,90.0,0.9777777777777777,-1.0,2030.888888888889
40,KKNKN-,88.0,90.0,0.9777777777777777,-1.0,2030.888888888889
41,KKNKN-,88.0,90.0,0.9777777777777777,-1.0,2030.888888888889
42,MMNMN-,88.0,90.0,0.9777777777777777,-1.0,2030.888888888889
43,MMNMN-,88.0,90.0,0.9777777777777777,-1.0,2030.888888888889
44,MMNMN-,88.0,90.0,0.9777777777777777,-1.0,2030.888888888889
45,MMNMN-,88.0,90.0,0.9777777777777777,-1.0,2030.888888888889
46,MMNMN-,88.0,90.0,0.9777777777777777,-1.0,2030.888888888889
47,MMNMN-,88.0,90.0,0.9777777777777777,-1.0,2030.888888888889
48,MMNMN-,88.0,90.0,0.9777777777777777,-1.0,2030.888888888889
49,MMNMN-,88.0,90.0,0.9777777777777777,-1.0,2030.888888888889
50,YYNYN-,88.0,90.0,0.9777777777777777,-1.0,2030.888888888889
51,YYNYN-,88.0,90.0,0.9777777777777777,-1.0,2030.888888888889
52,MMNMN-,88.0,90.0,0.9777777777777777,-1.0,2030.888888888889
53,MMNMN-,88.0,90.0,0.9777777777777777,-1.0,2030.888888888889
54,MMNMN-,88.0,90.0,0.9777777777777777,-1.0,2030.888888888889
55,MMNMN-,88.0,90.0,0.9777777777777777,-1.0,2030.888888888889
56,MMNMN-,88.0,90.0,0.9777777777777777,-1.0,2030.888888888889
57,YYNYN-,88.0,90.0,0.9777777777777777,-1.0,2030.888888888889
58,MMNMN-,88.0,90.0,0.9777777777777777,-1.0,2030.888888888889
59,YYNYN-,88.0,90.0,0.9777777777777777,-1.0,2030.888888888889
60,MMNMN-,88.0,90.0,0.9777777777777777,-1.0,2030.888888888889
61,RRNRN-,88.0,90.0,0.9777777777777777,-1.0,2030.888888888889
62,RRNRN-,88.0,90.0,0.9777777777777777,-1.0,2030.888888888889
63,MMNMN-,88.0,90.0,0.9777777777777777,-1.0,2030.888888888889
64,KKNKN-,88.0,90.0,0.9777777777777777,-1.0,2030.888888888889
65,MMNMN-,88.0,90.0,0.9777777777777777,-1.0,2030.888888888889
66,YYNYN-,88.0,90.0,0.9777777777777777,-1.0,2030.888888888889
67,YYNYN-,88.0,90.0,0.9777777777777777,-1.0,2030.888888888889
68,MMNMN-,88.0,90.0,0.9777777777777777,-1.0,2030.888888888889
69,MMNMN-,88.0,90.0,0.9777777777777777,-1.0,2030.888888888889
70,RRNRN-,88.0,90.0,0.9777777777777777,-1.0,2030.888888888889
71,MMNMN-,88.0,90.0,0.9777777777777777,-1.0,2030.888888888889
72,MMNMN-,88.0,90.0,0.9777777777777777,-1.0,2030.888888888889
73,MMNMN-,88.0,90.0,0.9777777777777777,-1.0,2030.888888888889
74,MMNMN-,88.0,90.0,0.9777777777777777,-1.0,2030.888888888889
75,MMNMN-,88.0,90.0,0.9777777777777777,-1.0,2030.888888888889
76,MMNMN-,88.0,90.0,0.9777777777777777,-1.0,2030.888888888889
77,YYNYN-,88.0,90.0,0.9777777777777777,-1.0,2030.888888888889
78,YYNYN-,88.0,90.0,0.9777777777777777,-1.0,2030.888888888889
79,MMNMN-,88.0,90.0,0.9777777777777777,-1.0,2030.888888888889
80,MMNMN-,88.0,90.0,0.9777777777777777,-1.0,2030.888888888889
81,MMNMN-,88.0,90.0,0.9777777777777777,-1.0,2030.888888888889
82,MMNMN-,88.0,90.0,0.9777777777777777,-1.0,2030.888888888889
83,YYNYN-,88.0,90.0,0.9777777777777777,-1.0,2030.888888888889
84,YYNYN-,88.0,90.0,0.9777777777777777,-1.0,2030.888888888889
85,MMNMN-,88.0,90.0,0.9777777777777777,-1.0,2030.888888888889
86,MMNMN-,88.0,90.0,0.9777777777777777,-1.0,2030.888888888889
87,YYNYN-,88.0,90.0,0.9777777777777777,-1.0,2030.888888888889
88,MMNMN-,88.0,90.0,0.9777777777777777,-1.0,2030.888888888889
89,MMNMN-,88.0,90.0,0.9777777777777777,-1.0,2030.888888888889
90,MMNMN-,88.0,90.0,0.9777777777777777,-1.0,2030.888888888889
91,MMNMN-,88.0,90.0,0.9777777777777777,-1.0,2030.888888888889
92,MMNMN-,88.0,90.0,0.9777777777777777,-1.0,2030.888888888889
93,MMNMN-,88.0,90.0,0.9777777777777777,-1.0,2030.888888888889
94,MMNMN-,88.0,90.0,0.9777777777777777,-1.0,2030.888888888889
95,YYNYN-,88.0,90.0,0.9777777777777777,-1.0,2030.888888888889
96,YYNYN-,88.0,90.0,0.9777777777777777,-1.0,2030.888888888889
97,MMNMN-,88.0,90.0,0.9777777777777777,-1.0,2030.888888888889
98,MMNMN-,88.0,90.0,0.9777777777777777,-1.0,2030.888888888889
99,MMNMN-,88.0,90.0,0.9777777777777777,-1.0,2030.888888888889
100,MMNMN-,88.0,90.0,0.9777777777777777,-1.0,2030.888888888889
101,RRNRN-,88.0,90.0,0.9777777777777777,-1.0,2030.888888888889
102,MMNMN-,88.0,90.0,0.9777777777777777,-1.0,2030.888888888889
103,YYNYN-,88.0,90.0,0.9777777777777777,-1.0,2030.888888888889
104,YYNYN-,88.0,90.0,0.9777777777777777,-1.0,2030.888888888889
105,YTNYN-,88.0,90.0,0.9777777777777777,-1.0,2030.888888888889
106,YYNYN-,88.0,90.0,0.9777777777777777,-1.0,2030.888888888889
107,MMNMN-,88.0,90.0,0.9777777777777777,-1.0,2030.888888888889
108,YTNYN-,88.0,90.0,0.9777777777777777,-1.0,2030.888888888889
109,MMNMN-,88.0,90.0,0.9777777777777777,-1.0,2030.888888888889
110,MMNMN-,88.0,90.0,0.9777777777777777,-1.0,2030.888888888889
111,YYNYN-,88.0,90.0,0.9777777777777777,-1.0,2030.888888888889
112,MMNMN-,88.0,90.0,0.9777777777777777,-1.0,2030.888888888889
113,MMNMN-,88.0,90.0,0.9777777777777777,-1.0,2030.888888888889
114,MMNMN-,88.0,90.0,0.9777777777777777,-1.0,2030.888888888889
115,MMNMN-,88.0,90.0,0.9777777777777777,-1.0,2030.888888888889
116,YYNYN-,88.0,90.0,0.9777777777777777,-1.0,2030.888888888889
117,MMNMN-,88.0,90.0,0.9777777777777777,-1.0,2030.888888888889
118,MMNMN-,88.0,90.0,0.9777777777777777,-1.0,2030.888888888889
119,MMNMN-,88.0,90.0,0.9777777777777777,-1.0,2030.888888888889
120,MMNMN-,88.0,90.0,0.9777777777777777,-1.0,2030.888888888889
121,KKNKN-,88.0,90.0,0.9777777777777777,-1.0,2030.888888888889
122,MMNMN-,88.0,90.0,0.9777777777777777,-1.0,2030.888888888889
123,MMNMN-,88.0,90.0,0.9777777777777777,-1.0,2030.888888888889
124,YCNYN-,88.0,90.0,0.9777777777777777,-1.0,2030.888888888889
125,YCNYN-,88.0,90.0,0.9777777777777777,-1.0,2030.888888888889
126,MMNMN-,88.0,90.0,0.9777777777777777,-1.0,2030.888888888889
127,MMNMN-,88.0,90.0,0.9777777777777777,-1.0,2030.888888888889
128,YYNYN-,88.0,90.0,0.9777777777777777,-1.0,2030.888888888889
129,YYNYN-,88.0,90.0,0.9777777777777777,-1.0,2030.888888888889
130,MMNMN-,88.0,90.0,0.9777777777777777,-1.0,2030.888888888889
131,MMNMN-,88.0,90.0,0.9777777777777777,-1.0,2030.888888888889
132,YCNYN-,88.0,90.0,0.9777777777777777,-1.0,2030.888888888889
133,RRNRN-,88.0,90.0,0.9777777777777777,-1.0,2030.888888888889
134,MMNMN-,88.0,90.0,0.9777777777777777,-1.0,2030.888888888889
135,RGNRN-,88.0,90.0,0.9777777777777777,-1.0,2030.888888888889
136,MMNMN-,88.0,90.0,0.9777777777777777,-1.0,2030.888888888889
137,MMNMN-,88.0,90.0,0.9777777777777777,-1.0,2030.888888888889
138,MMNMN-,88.0,90.0,0.9777777777777777,-1.0,2030.888888888889
139,MMNMN-,88.0,90.0,0.9777777777777777,-1.0,2030.888888888889
140,YYNYN-,88.0,90.0,0.9777777777777777,-1.0,2030.888888888889
141,MMNMN-,88.0,90.0,0.9777777777777777,-1.0,2030.888888888889
142,MMNMN-,88.0,90.0,0.9777777777777777,-1.0,2030.888888888889
143,RRNRN-,88.0,90.0,0.9777777777777777,-1.0,2030.888888888889
144,MMNMN-,88.0,90.0,0.9777777777777777,-1.0,2030.888888888889
145,MMNMN-,88.0,90.0,0.9777777777777777,-1.0,2030.888888888889
146,KKNKN-,88.0,90.0,0.9777777777777777,-1.0,2030.888888888889
147,MMNMN-,88.0,90.0,0.9777777777777777,-1.0,2030.888888888889
148,KKNKN-,88.0,90.0,0.9777777777777777,-1.0,2030.888888888889
149,YYNYN-,88.0,90.0,0.9777777777777777,-1.0,2030.888888888889
150,RRNRN-,88.0,90.0,0.9777777777777777,-1.0,2030.888888888889
151,YYNYN-,88.0,90.0,0.9777777777777777,-1.0,2030.888888888889
152,MMNMN-,88.0,90.0,0.9777777777777777,-1.0,2030.888888888889
153,MMNMN-,88.0,90.0,0.9777777777777777,-1.0,2030.888888888889
154,MMNMN-,88.0,90.0,0.9777777777777777,-1.0,2030.888888888889
155,MMNMN-,88.0,90.0,0.9777777777777777,-1.0,2030.888888888889
156,MMNMN-,88.0,90.0,0.9777777777777777,-1.0,2030.888888888889
157,MMNMN-,88.0,90.0,0.9777777777777777,-1.0,2030.888888888889
158,MMNMN-,88.0,90.0,0.9777777777777777,-1.0,2030.888888888889
159,YYNYN-,88.0,90.0,0.9777777777777777,-1.0,2030.888888888889
160,MMNMN-,88.0,90.0,0.9777777777777777,-1.0,2030.888888888889
161,MMNMN-,88.0,90.0,0.9777777777777777,-1.0,2030.888888888889
162,YYNYN-,88.0,90.0,0.9777777777777777,-1.0,2030.888888888889
163,MMNMN-,88.0,90.0,0.9777777777777777,-1.0,2030.888888888889
164,MMNMN-,88.0,90.0,0.9777777777777777,-1.0,2030.888888888889
165,MMNMN-,88.0,90.0,0.9777777777777777,-1.0,2030.888888888889
166,MMNMN-,88.0,90.0,0.9777777777777777,-1.0,2030.888888888889
167,YYNYN-,88.0,90.0,0.9777777777777777,-1.0,2030.888888888889
168,KKNKN-,88.0,90.0,0.9777777777777777,-1.0,2030.888888888889
169,YYNYN-,88.0,90.0,0.9777777777777777,-1.0,2030.888888888889
170,YYNYN-,88.0,90.0,0.9777777777777777,-1.0,2030.888888888889
171,RGNRN-,88.0,90.0,0.9777777777777777,-1.0,2030.888888888889
172,MMNMN-,88.0,90.0,0.9777777777777777,-1.0,2030.888888888889
173,MMNMN-,88.0,90.0,0.9777777777777777,-1.0,2030.888888888889
174,MMNMN-,88.0,90.0,0.9777777777777777,-1.0,2030.888888888889
175,YYNYN-,88.0,90.0,0.9777777777777777,-1.0,2030.888888888889
176,YCNYN-,88.0,90.0,0.9777777777777777,-1.0,2030.888888888889
177,MMNMN-,88.0,90.0,0.9777777777777777,-1.0,2030.888888888889
178,KKNKN-,88.0,90.0,0.9777777777777777,-1.0,2030.888888888889
179,MMNMN-,88.0,90.0,0.9777777777777777,-1.0,2030.888888888889
180,YYNYN-,88.0,90.0,0.9777777777777777,-1.0,2030.888888888889
181,KKNKN-,88.0,90.0,0.9777777777777777,-1.0,2030.888888888889
182,YYNYN-,88.0,90.0,0.9777777777777777,-1.0,2030.888888888889
183,RRNRN-,88.0,90.0,0.9777777777777777,-1.0,2030.888888888889
184,MMNMN-,88.0,90.0,0.9777777777777777,-1.0,2030.888888888889
185,MMNMN-,88.0,90.0,0.9777777777777777,-1.0,2030.888888888889
186,YYNYN-,88.0,90.0,0.9777777777777777,-1.0,2030.888888888889
187,MMNMN-,88.0,90.0,0.9777777777777777,-1.0,2030.888888888889
188,MMNMN-,88.0,90.0,0.9777777777777777,-1.0,2030.888888888889
189,KKNKN-,88.0,90.0,0.9777777777777777,-1.0,2030.888888888889
190,MMNMN-,88.0,90.0,0.9777777777777777,-1.0,2030.888888888889
191,MMNMN-,88.0,90.0,0.9777777777777777,-1.0,2030.888888888889
192,MMNMN-,88.0,90.0,0.9777777777777777,-1.0,2030.888888888889
193,YYNYN-,88.0,90.0,0.9777777777777777,-1.0,2030.888888888889
194,MMNMN-,88.0,90.0,0.9777777777777777,-1.0,2030.888888888889
195,MMNMN-,88.0,90.0,0.9777777777777777,-1.0,2030.888888888889
196,RGNRN-,88.0,90.0,0.9777777777777777,-1.0,2030.888888888889
197,MMNMN-,88.0,90.0,0.9777777777777777,-1.0,2030.888888888889
198,MMNMN-,88.0,90.0,0.9777777777777777,-1.0,2030.888888888889
199,YYNYN-,88.0,90.0,0.9777777777777777,-1.0,2030.888888888889
200,MMNMN-,88.0,90.0,0.9777777777777777,-1.0,2030.888888888889
201,YYNYN-,88.0,90.0,0.9777777777777777,-1.0,2030.888888888889
202,MMNMN-,88.0,90.0,0.9777777777777777,-1.0,2030.888888888889
203,MMNMN-,88.0,90.0,0.9777777777777777,-1.0,2030.888888888889
204,YCNYN-,88.0,90.0,0.9777777777777777,-1.0,2030.888888888889
205,MMNMN-,88.0,90.0,0.9777777777777777,-1.0,2030.888888888889
206,YYNYN-,88.0,90.0,0.9777777777777777,-1.0,2030.888888888889
207,MMNMN-,88.0,90.0,0.9777777777777777,-1.0,2030.888888888889
208,MMNMN-,88.0,90.0,0.9777777777777777,-1.0,2030.888888888889
209,MMNMN-,88.0,90.0,0.9777777777777777,-1.0,2030.888888888889
210,MMNMN-,88.0,90.0,0.9777777777777777,-1.0,2030.888888888889
211,MMNMN-,88.0,90.0,0.9777777777777777,-1.0,2030.888888888889
212,KKNKN-,88.0,90.0,0.9777777777777777,-1.0,2030.888888888889
213,YTNYN-,88.0,90.0,0.9777777777777777,-1.0,2030.888888888889
214,MMNMN-,88.0,90.0,0.9777777777777777,-1.0,2030.888888888889
215,MMNMN-,88.0,90.0,0.9777777777777777,-1.0,2030.888888888889
216,KKNKN-,88.0,90.0,0.9777777777777777,-1.0,2030.888888888889
217,MMNMN-,88.0,90.0,0.9777777777777777,-1.0,2030.888888888889
218,MMNMN-,88.0,90.0,0.9777777777777777,-1.0,2030.888888888889
219,MMNMN-,88.0,90.0,0.9777777777777777,-1.0,2030.888888888889
220,MMNMN-,88.0,90.0,0.9777777777777777,-1.0,2030.888888888889
221,YCNYN-,88.0,90.0,0.9777777777777777,-1.0,2030.888888888889
222,MMNMN-,88.0,90.0,0.9777777777777777,-1.0,2030.888888888889
223,MMNMN-,88.0,90.0,0.9777777777777777,-1.0,2030.888888888889
224,MMNMN-,88.0,90.0,0.9777777777777777,-1.0,2030.888888888889
225,MMNMN-,88.0,90.0,0.9777777777777777,-1.0,2030.888888888889
226,MMNMN-,88.0,90.0,0.9777777777777777,-1.0,2030.888888888889
227,MMNMN-,88.0,90.0,0.9777777777777777,-1.0,2030.888888888889
228,MMNMN-,88.0,90.0,0.9777777777777777,-1.0,2030.888888888889
229,MMNMN-,88.0,90.0,0.9777777777777777,-1.0,2030.888888888889
230,MMNMN-,88.0,90.0,0.9777777777777777,-1.0,2030.888888888889
231,YYNYN-,88.0,90.0,0.9777777777777777,-1.0,2030.888888888889
232,MMNMN-,88.0,90.0,0.9777777777777777,-1.0,2030.888888888889
233,MMNMN-,88.0,90.0,0.9777777777777777,-1.0,2030.888888888889
234,MMNMN-,88.0,90.0,0.9777777777777777,-1.0,2030.888888888889
235,YCNYN-,88.0,90.0,0.9777777777777777,-1.0,2030.888888888889
236,CHHHH-,88.0,90.0,0.9777777777777777,-1.0,2030.888888888889
237,MMNMN-,88.0,90.0,0.9777777777777777,-1.0,2030.888888888889
238,MMNMN-,88.0,90.0,0.9777777777777777,-1.0,2030.888888888889
239,MMNMN-,88.0,90.0,0.9777777777777777,-1.0,2030.888888888889
240,MMNMN-,88.0,90.0,0.9777777777777777,-1.0,2030.888888888889
241,MMNMN-,88.0,90.0,0.9777777777777777,-1.0,2030.888888888889
242,YYNYN-,88.0,90.0,0.9777777777777777,-1.0,2030.888888888889
243,KKNKN-,88.0,90.0,0.9777777777777777,-1.0,2030.888888888889
244,MMNMN-,88.0,90.0,0.9777777777777777,-1.0,2030.888888888889
245,KKNKN-,88.0,90.0,0.9777777777777777,-1.0,2030.888888888889
246,MMNMN-,88.0,90.0,0.9777777777777777,-1.0,2030.888888888889
247,MMNMN-,88.0,90.0,0.9777777777777777,-1.0,2030.888888888889
248,MMNMN-,88.0,90.0,0.9777777777777777,-1.0,2030.888888888889
249,MMNMN-,88.0,90.0,0.9777777777777777,-1.0,2030.888888888889
250,MMNMN-,88.0,90.0,0.9777777777777777,-1.0,2030.888888888889
251,MMNMN-,88.0,90.0,0.9777777777777777,-1.0,2030.888888888889
252,MMNMN-,88.0,90.0,0.9777777777777777,-1.0,2030.888888888889
253,MMNMN-,88.0,90.0,0.9777777777777777,-1.0,2030.888888888889
254,YCNYN-,88.0,90.0,0.9777777777777777,-1.0,2030.888888888889
255,RGNRN-,88.0,90.0,0.9777777777777777,-1.0,2030.888888888889
256,MMNMN-,88.0,90.0,0.9777777777777777,-1.0,2030.888888888889
257,YYNYN-,88.0,90.0,0.9777777777777777,-1.0,2030.888888888889
258,YYNYN-,88.0,90.0,0.9777777777777777,-1.0,2030.888888888889
259,MMNMN-,88.0,90.0,0.9777777777777777,-1.0,2030.888888888889
260,MMNMN-,88.0,90.0,0.9777777777777777,-1.0,2030.888888888889
261,MMNMN-,88.0,90.0,0.9777777777777777,-1.0,2030.888888888889
262,KKNKN-,88.0,90.0,0.9777777777777777,-1.0,2030.888888888889
263,MMNMN-,88.0,90.0,0.9777777777777777,-1.0,2030.888888888889
264,MMNMN-,88.0,90.0,0.9777777777777777,-1.0,2030.888888888889
265,YYNYN-,88.0,90.0,0.9777777777777777,-1.0,2030.888888888889
266,YYNYN-,88.0,90.0,0.9777777777777777,-1.0,2030.888888888889
267,MMNMN-,88.0,90.0,0.9777777777777777,-1.0,2030.888888888889
268,TBBBB-,88.0,90.0,0.9777777777777777,-1.0,2030.888888888889
269,MMNMN-,88.0,90.0,0.9777777777777777,-1.0,2030.888888888889
270,MMNMN-,88.0,90.0,0.9777777777777777,-1.0,2030.888888888889
271,MMNMN-,88.0,90.0,0.9777777777777777,-1.0,2030.888888888889
272,MMNMN-,88.0,90.0,0.9777777777777777,-1.0,2030.888888888889
273,YYNYN-,88.0,90.0,0.9777777777777777,-1.0,2030.888888888889
274,MMNMN-,88.0,90.0,0.9777777777777777,-1.0,2030.888888888889
275,MMNMN-,88.0,90.0,0.9777777777777777,-1.0,2030.888888888889
276,KKNKN-,88.0,90.0,0.9777777777777777,-1.0,2030.888888888889
277,RRNRN-,88.0,90.0,0.9777777777777777,-1.0,2030.888888888889
278,MMNMN-,88.0,90.0,0.9777777777777777,-1.0,2030.888888888889
279,MMNMN-,88.0,90.0,0.9777777777777777,-1.0,2030.888888888889
280,RGNRN-,88.0,90.0,0.9777777777777777,-1.0,2030.888888888889
281,MMNMN-,88.0,90.0,0.9777777777777777,-1.0,2030.888888888889
282,MMNMN-,88.0,90.0,0.9777777777777777,-1.0,2030.888888888889
283,MMNMN-,88.0,90.0,0.9777777777777777,-1.0,2030.888888888889
284,CHHHH-,88.0,90.0,0.9777777777777777,-1.0,2030.888888888889
285,MMNMN-,88.0,90.0,0.9777777777777777,-1.0,2030.888888888889
286,MMNMN-,88.0,90.0,0.9777777777777777,-1.0,2030.888888888889
287,TBBBB-,88.0,90.0,0.9777777777777777,-1.0,2030.888888888889
288,YYNYN-,88.0,90.0,0.9777777777777777,-1.0,2030.888888888889
289,MMNMN-,88.0,90.0,0.9777777777777777,-1.0,2030.888888888889
290,MMNMN-,88.0,90.0,0.9777777777777777,-1.0,2030.888888888889
291,MMNMN-,88.0,90.0,0.9777777777777777,-1.0,2030.888888888889
292,MMNMN-,88.0,90.0,0.9777777777777777,-1.0,2030.888888888889
293,MMNMN-,88.0,90.0,0.9777777777777777,-1.0,2030.888888888889
294,YYNYN-,88.0,90.0,0.9777777777777777,-1.0,2030.888888888889
295,MMNMN-,88.0,90.0,0.9777777777777777,-1.0,2030.888888888889
296,MMNMN-,88.0,90.0,0.9777777777777777,-1.0,2030.888888888889
297,KKNKN-,88.0,90.0,0.9777777777777777,-1.0,2030.888888888889
298,YYNYN-,88.0,90.0,0.9777777777777777,-1.0,2030.888888888889
299,KKNKN-,88.0,90.0,0.9777777777777777,-1.0,2030.888888888889
300,MMNMN-,88.0,90.0,0.9777777777777777,-1.0,2030.888888888889
301,MMNMN-,88.0,90.0,0.9777777777777777,-1.0,2030.888888888889
302,KTNKN-,88.0,90.0,0.9777777777777777,-1.0,2030.888888888889
303,MMNMN-,88.0,90.0,0.9777777777777777,-1.0,2030.888888888889
304,YYNYN-,88.0,90.0,0.9777777777777777,-1.0,2030.888888888889
305,MMNMN-,88.0,90.0,0.9777777777777777,-1.0,2030.888888888889
306,YYNYN-,88.0,90.0,0.9777777777777777,-1.0,2030.888888888889
307,MMNMN-,88.0,90.0,0.9777777777777777,-1.0,2030.888888888889
308,MMNMN-,88.0,90.0,0.9777777777777777,-1.0,2030.888888888889
309,MMNMN-,88.0,90.0,0.9777777777777777,-1.0,2030.888888888889
310,YYNYN-,88.0,90.0,0.9777777777777777,-1.0,2030.888888888889
311,MMNMN-,88.0,90.0,0.9777777777777777,-1.0,2030.888888888889
312,MMNMN-,88.0,90.0,0.9777777777777777,-1.0,2030.888888888889
313,MMNMN-,88.0,90.0,0.9777777777777777,-1.0,2030.888888888889
314,MMNMN-,88.0,90.0,0.9777777777777777,-1.0,2030.888888888889
315,YYNYN-,88.0,90.0,0.9777777777777777,-1.0,2030.888888888889
316,RGNRN-,88.0,90.0,0.9777777777777777,-1.0,2030.888888888889
317,MMNMN-,88.0,90.0,0.9777777777777777,-1.0,2030.888888888889
318,CHHHH-,88.0,90.0,0.9777777777777777,-1.0,2030.888888888889
319,MMNMN-,88.0,90.0,0.9777777777777777,-1.0,2030.888888888889
320,MMNMN-,88.0,90.0,0.9777777777777777,-1.0,2030.888888888889
321,MMNMN-,88.0,90.0,0.9777777777777777,-1.0,2030.888888888889
322,MMNMN-,88.0,90.0,0.9777777777777777,-1.0,2030.888888888889
323,KKNKN-,88.0,90.0,0.9777777777777777,-1.0,2030.888888888889
324,MMNMN-,88.0,90.0,0.9777777777777777,-1.0,2030.888888888889
325,MMNMN-,88.0,90.0,0.9777777777777777,-1.0,2030.888888888889
326,YYNYN-,88.0,90.0,0.9777777777777777,-1.0,2030.888888888889
327,MMNMN-,88.0,90.0,0.9777777777777777,-1.0,2030.888888888889
328,MMNMN-,88.0,90.0,0.9777777777777777,-1.0,2030.888888888889
329,MMNMN-,88.0,90.0,0.9777777777777777,-1.0,2030.888888888889
330,MMNMN-,88.0,90.0,0.9777777777777777,-1.0,2030.888888888889
331,KKNKN-,88.0,90.0,0.9777777777777777,-1.0,2030.888888888889
332,RGNRN-,88.0,90.0,0.9777777777777777,-1.0,2030.888888888889
333,MMNMN-,88.0,90.0,0.9777777777777777,-1.0,2030.888888888889
334,RGNRN-,88.0,90.0,0.9777777777777777,-1.0,2030.888888888889
335,YYNYN-,88.0,90.0,0.9777777777777777,-1.0,2030.888888888889
336,MMNMN-,88.0,90.0,0.9777777777777777,-1.0,2030.888888888889
337,MMNMN-,88.0,90.0,0.9777777777777777,-1.0,2030.888888888889
338,MMNMN-,88.0,90.0,0.9777777777777777,-1.0,2030.888888888889
339,MMNMN-,88.0,90.0,0.9777777777777777,-1.0,2030.888888888889
340,YYNYN-,88.0,90.0,0.9777777777777777,-1.0,2030.888888888889
341,MMNMN-,88.0,90.0,0.9777777777777777,-1.0,2030.888888888889
342,YYNYN-,88.0,90.0,0.9777777777777777,-1.0,2030.888888888889
343,MMNMN-,88.0,90.0,0.9777777777777777,-1.0,2030.888888888889
344,MMNMN-,88.0,90.0,0.9777777777777777,-1.0,2030.888888888889
345,MMNMN-,88.0,90.0,0.9777777777777777,-1.0,2030.888888888889
346,MMNMN-,88.0,90.0,0.9777777777777777,-1.0,2030.888888888889
347,YYNYN-,88.0,90.0,0.9777777777777777,-1.0,2030.888888888889
348,MMNMN-,88.0,90.0,0.9777777777777777,-1.0,2030.888888888889
349,MMNMN-,88.0,90.0,0.9777777777777777,-1.0,2030.888888888889
350,YYNYN-,88.0,90.0,0.9777777777777777,-1.0,2030.888888888889
351,YYNYN-,88.0,90.0,0.9777777777777777,-1.0,2030.888888888889
352,YYNYN-,88.0,90.0,0.9777777777777777,-1.0,2030.888888888889
353,MMNMN-,88.0,90.0,0.9777777777777777,-1.0,2030.888888888889
354,MMNMN-,88.0,90.0,0.9777777777777777,-1.0,2030.888888888889
355,RRNRN-,88.0,90.0,0.9777777777777777,-1.0,2030.888888888889
356,MMNMN-,88.0,90.0,0.9777777777777777,-1.0,2030.888888888889
357,YYNYN-,88.0,90.0,0.9777777777777777,-1.0,2030.888888888889
358,YYNYN-,88.0,90.0,0.9777777777777777,-1.0,2030.888888888889
359,YCNYN-,88.0,90.0,0.9777777777777777,-1.0,2030.888888888889
360,KKNKN-,88.0,90.0,0.9777777777777777,-1.0,2030.888888888889
361,YYNYN-,88.0,90.0,0.9777777777777777,-1.0,2030.888888888889
362,MMNMN-,88.0,90.0,0.9777777777777777,-1.0,2030.888888888889
363,MMNMN-,88.0,90.0,0.9777777777777777,-1.0,2030.888888888889
364,MMNMN-,88.0,90.0,0.9777777777777777,-1.0,2030.888888888889
365,MMNMN-,88.0,90.0,0.9777777777777777,-1.0,2030.888888888889
366,YYNYN-,88.0,90.0,0.9777777777777777,-1.0,2030.888888888889
367,KKNKN-,88.0,90.0,0.9777777777777777,-1.0,2030.888888888889
368,MMNMN-,88.0,90.0,0.9777777777777777,-1.0,2030.888888888889
369,MMNMN-,88.0,90.0,0.9777777777777777,-1.0,2030.888888888889
370,MMNMN-,88.0,90.0,0.9777777777777777,-1.0,2030.888888888889
371,MMNMN-,88.0,90.0,0.9777777777777777,-1.0,2030.888888888889
372,MMNMN-,88.0,90.0,0.9777777777777777,-1.0,2030.888888888889
373,MMNMN-,88.0,90.0,0.9777777777777777,-1.0,2030.888888888889
374,YYNYN-,88.0,90.0,0.9777777777777777,-1.0,2030.888888888889
375,MMNMN-,88.0,90.0,0.9777777777777777,-1.0,2030.888888888889
376,KKNKN-,88.0,90.0,0.9777777777777777,-1.0,2030.888888888889
377,MMNMN-,88.0,90.0,0.9777777777777777,-1.0,2030.888888888889
378,KKNKN-,88.0,90.0,0.9777777777777777,-1.0,2030.888888888889
379,MMNMN-,88.0,90.0,0.9777777777777777,-1.0,2030.888888888889
380,MMNMN-,88.0,90.0,0.9777777777777777,-1.0,2030.888888888889
381,MMNMN-,88.0,90.0,0.9777777777777777,-1.0,2030.888888888889
382,MMNMN-,88.0,90.0,0.9777777777777777,-1.0,2030.888888888889
383,MMNMN-,88.0,90.0,0.9777777777777777,-1.0,2030.888888888889
384,YYNYN-,88.0,90.0,0.9777777777777777,-1.0,2030.888888888889
385,MMNMN-,88.0,90.0,0.9777777777777777,-1.0,2030.888888888889
386,MMNMN-,88.0,90.0,0.9777777777777777,-1.0,2030.888888888889
387,YYNYN-,88.0,90.0,0.9777777777777777,-1.0,2030.888888888889
388,CHHHH-,88.0,90.0,0.9777777777777777,-1.0,2030.888888888889
389,MMNMN-,88.0,90.0,0.9777777777777777,-1.0,2030.888888888889
390,RANRN-,88.0,90.0,0.9777777777777777,-1.0,2030.888888888889
391,MMNMN-,88.0,90.0,0.9777777777777777,-1.0,2030.888888888889
392,MMNMN-,88.0,90.0,0.9777777777777777,-1.0,2030.888888888889
393,MMNMN-,88.0,90.0,0.9777777777777777,-1.0,2030.888888888889
394,MMNMN-,88.0,90.0,0.9777777777777777,-1.0,2030.888888888889
395,MMNMN-,88.0,90.0,0.9777777777777777,-1.0,2030.888888888889
396,MMNMN-,88.0,90.0,0.9777777777777777,-1.0,2030.888888888889
397,KGNKN-,88.0,90.0,0.9777777777777777,-1.0,2030.888888888889
398,YYNYN-,88.0,90.0,0.9777777777777777,-1.0,2030.888888888889
399,CHHHH-,88.0,90.0,0.9777777777777777,-1.0,2030.888888888889
400,KKNKN-,88.0,90.0,0.9777777777777777,-1.0,2030.888888888889
401,MMNMN-,88.0,90.0,0.9777777777777777,-1.0,2030.888888888889
402,MMNMN-,88.0,90.0,0.9777777777777777,-1.0,2030.888888888889
403,MMNMN-,88.0,90.0,0.9777777777777777,-1.0,2030.888888888889
404,KKNKN-,88.0,90.0,0.9777777777777777,-1.0,2030.888888888889
405,MMNMN-,88.0,90.0,0.9777777777777777,-1.0,2030.888888888889
406,MMNMN-,88.0,90.0,0.9777777777777777,-1.0,2030.888888888889
407,MMNMN-,88.0,90.0,0.9777777777777777,-1.0,2030.888888888889
408,MMNMN-,88.0,90.0,0.9777777777777777,-1.0,2030.888888888889
409,MMNMN-,88.0,90.0,0.9777777777777777,-1.0,2030.888888888889
410,MMNMN-,88.0,90.0,0.9777777777777777,-1.0,2030.888888888889
411,MMNMN-,88.0,90.0,0.9777777777777777,-1.0,2030.888888888889
412,YYNYN-,88.0,90.0,0.9777777777777777,-1.0,2030.888888888889
413,MMNMN-,88.0,90.0,0.9777777777777777,-1.0,2030.888888888889
414,YYNYN-,88.0,90.0,0.9777777777777777,-1.0,2030.888888888889
415,MMNMN-,88.0,90.0,0.9777777777777777,-1.0,2030.888888888889
416,MMNMN-,88.0,90.0,0.9777777777777777,-1.0,2030.888888888889
417,MMNMN-,88.0,90.0,0.9777777777777777,-1.0,2030.888888888889
418,CHHHH-,88.0,90.0,0.9777777777777777,-1.0,2030.888888888889
419,MMNMN-,88.0,90.0,0.9777777777777777,-1.0,2030.888888888889
420,KKNKN-,88.0,90.0,0.9777777777777777,-1.0,2030.888888888889
421,MMNMN-,88.0,90.0,0.9777777777777777,-1.0,2030.888888888889
422,YTNYN-,88.0,90.0,0.9777777777777777,-1.0,2030.888888888889
423,MMNMN-,88.0,90.0,0.9777777777777777,-1.0,2030.888888888889
424,YYNYN-,88.0,90.0,0.9777777777777777,-1.0,2030.888888888889
425,YYNYN-,88.0,90.0,0.9777777777777777,-1.0,2030.888888888889
426,MMNMN-,88.0,90.0,0.9777777777777777,-1.0,2030.888888888889
427,KKNKN-,88.0,90.0,0.9777777777777777,-1.0,2030.888888888889
428,MMNMN-,88.0,90.0,0.9777777777777777,-1.0,2030.888888888889
429,MMNMN-,88.0,90.0,0.9777777777777777,-1.0,2030.888888888889
430,KKNKN-,88.0,90.0,0.9777777777777777,-1.0,2030.888888888889
431,MMNMN-,88.0,90.0,0.9777777777777777,-1.0,2030.888888888889
432,MMNMN-,88.0,90.0,0.9777777777777777,-1.0,2030.888888888889
433,RRNRN-,88.0,90.0,0.9777777777777777,-1.0,2030.888888888889
434,YCNYN-,88.0,90.0,0.9777777777777777,-1.0,2030.888888888889
435,YYNYN-,88.0,90.0,0.9777777777777777,-1.0,2030.888888888889
436,MMNMN-,88.0,90.0,0.9777777777777777,-1.0,2030.888888888889
437,CHHHH-,88.0,90.0,0.9777777777777777,-1.0,2030.888888888889
438,MMNMN-,88.0,90.0,0.9777777777777777,-1.0,2030.888888888889
439,YCNYN-,88.0,90.0,0.9777777777777777,-1.0,2030.888888888889
440,RRNRN-,88.0,90.0,0.9777777777777777,-1.0,2030.888888888889
441,KKNKN-,88.0,90.0,0.9777777777777777,-1.0,2030.888888888889
442,MMNMN-,88.0,90.0,0.9777777777777777,-1.0,2030.888888888889
443,MMNMN-,88.0,90.0,0.9777777777777777,-1.0,2030.888888888889
444,MMNMN-,88.0,90.0,0.9777777777777777,-1.0,2030.888888888889
445,MMNMN-,88.0,90.0,0.9777777777777777,-1.0,2030.888888888889
446,MMNMN-,88.0,90.0,0.9777777777777777,-1.0,2030.888888888889
447,KKNKN-,88.0,90.0,0.9777777777777777,-1.0,2030.888888888889
448,MMNMN-,88.0,90.0,0.9777777777777777,-1.0,2030.888888888889
449,CHHHH-,88.0,90.0,0.9777777777777777,-1.0,2030.888888888889
450,MMNMN-,88.0,90.0,0.9777777777777777,-1.0,2030.888888888889
451,MMNMN-,88.0,90.0,0.9777777777777777,-1.0,2030.888888888889
452,MMNMN-,88.0,90.0,0.9777777777777777,-1.0,2030.888888888889
453,MMNMN-,88.0,90.0,0.9777777777777777,-1.0,2030.888888888889
