run,randomer,cumulative_genes_hit,cumulative_hits,cumulative_interuniformity_score,cumulative_intrauniformity_score
1,RRYATA,1541.0,4864.0,0.09863216189207195,0.2870606813244251
2,AAADAD,1831.0,19339.0,0.19907794376288226,0.16292734238393528
3,CCKMAT,1844.0,20466.0,0.20979840600093763,0.16598977133444243
4,TYTTTA,1873.0,24903.0,0.252527062386024,0.1665541374936415
5,CADAAW,1882.0,33152.0,0.26265097319290354,0.12664038089038504
6,AAGTNK,1888.0,37247.0,0.27456180029337734,0.12834626283616904
7,GTTKGW,1892.0,39291.0,0.28103568236442417,0.1300441656043598
8,YYGTAT,1893.0,40997.0,0.2874790982441959,0.13406362489054233
9,MMNMN-,1893.0,40997.0,0.2874790982441959,0.13406362489054233
10,CTGMTA,1894.0,42581.0,0.28983554500298614,0.13817424526320757
11,MMNMN-,1894.0,42581.0,0.28983554500298614,0.13817424526320757
12,TGYCAT,1895.0,44333.0,0.2958761658148948,0.13684441796699234
13,MMNMN-,1895.0,44333.0,0.2958761658148948,0.13684441796699234
14,MMNMN-,1895.0,44333.0,0.2958761658148948,0.13684441796699234
15,MMNMN-,1895.0,44333.0,0.2958761658148948,0.13684441796699234
16,MMNMN-,1895.0,44333.0,0.2958761658148948,0.13684441796699234
17,MMNMN-,1895.0,44333.0,0.2958761658148948,0.13684441796699234
18,MMNMN-,1895.0,44333.0,0.2958761658148948,0.13684441796699234
19,MMNMN-,1895.0,44333.0,0.2958761658148948,0.13684441796699234
20,MMNMN-,1895.0,44333.0,0.2958761658148948,0.13684441796699234
21,MMNMN-,1895.0,44333.0,0.2958761658148948,0.13684441796699234
22,MMNMN-,1895.0,44333.0,0.2958761658148948,0.13684441796699234
23,MMNMN-,1895.0,44333.0,0.2958761658148948,0.13684441796699234
24,MMNMN-,1895.0,44333.0,0.2958761658148948,0.13684441796699234
25,MMNMN-,1895.0,44333.0,0.2958761658148948,0.13684441796699234
26,MMNMN-,1895.0,44333.0,0.2958761658148948,0.13684441796699234
27,MMNMN-,1895.0,44333.0,0.2958761658148948,0.13684441796699234
28,MMNMN-,1895.0,44333.0,0.2958761658148948,0.13684441796699234
29,MMNMN-,1895.0,44333.0,0.2958761658148948,0.13684441796699234
30,MMNMN-,1895.0,44333.0,0.2958761658148948,0.13684441796699234
31,MMNMN-,1895.0,44333.0,0.2958761658148948,0.13684441796699234
32,MMNMN-,1895.0,44333.0,0.2958761658148948,0.13684441796699234
33,MMNMN-,1895.0,44333.0,0.2958761658148948,0.13684441796699234
34,MMNMN-,1895.0,44333.0,0.2958761658148948,0.13684441796699234
35,MMNMN-,1895.0,44333.0,0.2958761658148948,0.13684441796699234
36,MMNMN-,1895.0,44333.0,0.2958761658148948,0.13684441796699234
37,MMNMN-,1895.0,44333.0,0.2958761658148948,0.13684441796699234
38,MMNMN-,1895.0,44333.0,0.2958761658148948,0.13684441796699234
39,MMNMN-,1895.0,44333.0,0.2958761658148948,0.13684441796699234
40,MMNMN-,1895.0,44333.0,0.2958761658148948,0.13684441796699234
41,MMNMN-,1895.0,44333.0,0.2958761658148948,0.13684441796699234
42,MMNMN-,1895.0,44333.0,0.2958761658148948,0.13684441796699234
43,MMNMN-,1895.0,44333.0,0.2958761658148948,0.13684441796699234
44,MMNMN-,1895.0,44333.0,0.2958761658148948,0.13684441796699234
45,MMNMN-,1895.0,44333.0,0.2958761658148948,0.13684441796699234
46,MMNMN-,1895.0,44333.0,0.2958761658148948,0.13684441796699234
47,MMNMN-,1895.0,44333.0,0.2958761658148948,0.13684441796699234
48,MMNMN-,1895.0,44333.0,0.2958761658148948,0.13684441796699234
49,MMNMN-,1895.0,44333.0,0.2958761658148948,0.13684441796699234
50,MMNMN-,1895.0,44333.0,0.2958761658148948,0.13684441796699234
51,MMNMN-,1895.0,44333.0,0.2958761658148948,0.13684441796699234
52,MMNMN-,1895.0,44333.0,0.2958761658148948,0.13684441796699234
53,MMNMN-,1895.0,44333.0,0.2958761658148948,0.13684441796699234
54,MMNMN-,1895.0,44333.0,0.2958761658148948,0.13684441796699234
55,MMNMN-,1895.0,44333.0,0.2958761658148948,0.13684441796699234
56,MMNMN-,1895.0,44333.0,0.2958761658148948,0.13684441796699234
57,MMNMN-,1895.0,44333.0,0.2958761658148948,0.13684441796699234
58,MMNMN-,1895.0,44333.0,0.2958761658148948,0.13684441796699234
59,MMNMN-,1895.0,44333.0,0.2958761658148948,0.13684441796699234
60,MMNMN-,1895.0,44333.0,0.2958761658148948,0.13684441796699234
61,MMNMN-,1895.0,44333.0,0.2958761658148948,0.13684441796699234
62,MMNMN-,1895.0,44333.0,0.2958761658148948,0.13684441796699234
63,MMNMN-,1895.0,44333.0,0.2958761658148948,0.13684441796699234
64,MMNMN-,1895.0,44333.0,0.2958761658148948,0.13684441796699234
65,MMNMN-,1895.0,44333.0,0.2958761658148948,0.13684441796699234
66,MMNMN-,1895.0,44333.0,0.2958761658148948,0.13684441796699234
67,MMNMN-,1895.0,44333.0,0.2958761658148948,0.13684441796699234
68,MMNMN-,1895.0,44333.0,0.2958761658148948,0.13684441796699234
69,MMNMN-,1895.0,44333.0,0.2958761658148948,0.13684441796699234
70,MMNMN-,1895.0,44333.0,0.2958761658148948,0.13684441796699234
71,MMNMN-,1895.0,44333.0,0.2958761658148948,0.13684441796699234
72,MMNMN-,1895.0,44333.0,0.2958761658148948,0.13684441796699234
73,MMNMN-,1895.0,44333.0,0.2958761658148948,0.13684441796699234
74,MMNMN-,1895.0,44333.0,0.2958761658148948,0.13684441796699234
75,MMNMN-,1895.0,44333.0,0.2958761658148948,0.13684441796699234
76,MMNMN-,1895.0,44333.0,0.2958761658148948,0.13684441796699234
77,MMNMN-,1895.0,44333.0,0.2958761658148948,0.13684441796699234
78,MMNMN-,1895.0,44333.0,0.2958761658148948,0.13684441796699234
79,MMNMN-,1895.0,44333.0,0.2958761658148948,0.13684441796699234
80,MMNMN-,1895.0,44333.0,0.2958761658148948,0.13684441796699234
81,MMNMN-,1895.0,44333.0,0.2958761658148948,0.13684441796699234
82,MMNMN-,1895.0,44333.0,0.2958761658148948,0.13684441796699234
83,MMNMN-,1895.0,44333.0,0.2958761658148948,0.13684441796699234
84,MMNMN-,1895.0,44333.0,0.2958761658148948,0.13684441796699234
85,MMNMN-,1895.0,44333.0,0.2958761658148948,0.13684441796699234
86,MMNMN-,1895.0,44333.0,0.2958761658148948,0.13684441796699234
87,MMNMN-,1895.0,44333.0,0.2958761658148948,0.13684441796699234
88,MMNMN-,1895.0,44333.0,0.2958761658148948,0.13684441796699234
89,MMNMN-,1895.0,44333.0,0.2958761658148948,0.13684441796699234
90,MMNMN-,1895.0,44333.0,0.2958761658148948,0.13684441796699234
91,MMNMN-,1895.0,44333.0,0.2958761658148948,0.13684441796699234
92,MMNMN-,1895.0,44333.0,0.2958761658148948,0.13684441796699234
93,MMNMN-,1895.0,44333.0,0.2958761658148948,0.13684441796699234
94,MMNMN-,1895.0,44333.0,0.2958761658148948,0.13684441796699234
95,MMNMN-,1895.0,44333.0,0.2958761658148948,0.13684441796699234
96,MMNMN-,1895.0,44333.0,0.2958761658148948,0.13684441796699234
97,MMNMN-,1895.0,44333.0,0.2958761658148948,0.13684441796699234
98,MMNMN-,1895.0,44333.0,0.2958761658148948,0.13684441796699234
99,MMNMN-,1895.0,44333.0,0.2958761658148948,0.13684441796699234
100,MMNMN-,1895.0,44333.0,0.2958761658148948,0.13684441796699234
101,MMNMN-,1895.0,44333.0,0.2958761658148948,0.13684441796699234
102,MMNMN-,1895.0,44333.0,0.2958761658148948,0.13684441796699234
103,MMNMN-,1895.0,44333.0,0.2958761658148948,0.13684441796699234
104,MMNMN-,1895.0,44333.0,0.2958761658148948,0.13684441796699234
105,MMNMN-,1895.0,44333.0,0.2958761658148948,0.13684441796699234
106,MMNMN-,1895.0,44333.0,0.2958761658148948,0.13684441796699234
107,MMNMN-,1895.0,44333.0,0.2958761658148948,0.13684441796699234
108,MMNMN-,1895.0,44333.0,0.2958761658148948,0.13684441796699234
109,MMNMN-,1895.0,44333.0,0.2958761658148948,0.13684441796699234
110,MMNMN-,1895.0,44333.0,0.2958761658148948,0.13684441796699234
111,MMNMN-,1895.0,44333.0,0.2958761658148948,0.13684441796699234
112,MMNMN-,1895.0,44333.0,0.2958761658148948,0.13684441796699234
113,MMNMN-,1895.0,44333.0,0.2958761658148948,0.13684441796699234
114,MMNMN-,1895.0,44333.0,0.2958761658148948,0.13684441796699234
115,MMNMN-,1895.0,44333.0,0.2958761658148948,0.13684441796699234
116,MMNMN-,1895.0,44333.0,0.2958761658148948,0.13684441796699234
117,MMNMN-,1895.0,44333.0,0.2958761658148948,0.13684441796699234
118,MMNMN-,1895.0,44333.0,0.2958761658148948,0.13684441796699234
119,MMNMN-,1895.0,44333.0,0.2958761658148948,0.13684441796699234
120,MMNMN-,1895.0,44333.0,0.2958761658148948,0.13684441796699234
121,MMNMN-,1895.0,44333.0,0.2958761658148948,0.13684441796699234
122,MMNMN-,1895.0,44333.0,0.2958761658148948,0.13684441796699234
123,MMNMN-,1895.0,44333.0,0.2958761658148948,0.13684441796699234
124,MMNMN-,1895.0,44333.0,0.2958761658148948,0.13684441796699234
125,MMNMN-,1895.0,44333.0,0.2958761658148948,0.13684441796699234
126,MMNMN-,1895.0,44333.0,0.2958761658148948,0.13684441796699234
127,MMNMN-,1895.0,44333.0,0.2958761658148948,0.13684441796699234
128,MMNMN-,1895.0,44333.0,0.2958761658148948,0.13684441796699234
129,MMNMN-,1895.0,44333.0,0.2958761658148948,0.13684441796699234
130,MMNMN-,1895.0,44333.0,0.2958761658148948,0.13684441796699234
131,MMNMN-,1895.0,44333.0,0.2958761658148948,0.13684441796699234
132,MMNMN-,1895.0,44333.0,0.2958761658148948,0.13684441796699234
133,MMNMN-,1895.0,44333.0,0.2958761658148948,0.13684441796699234
134,MMNMN-,1895.0,44333.0,0.2958761658148948,0.13684441796699234
135,MMNMN-,1895.0,44333.0,0.2958761658148948,0.13684441796699234
136,MMNMN-,1895.0,44333.0,0.2958761658148948,0.13684441796699234
137,MMNMN-,1895.0,44333.0,0.2958761658148948,0.13684441796699234
138,MMNMN-,1895.0,44333.0,0.2958761658148948,0.13684441796699234
139,MMNMN-,1895.0,44333.0,0.2958761658148948,0.13684441796699234
140,MMNMN-,1895.0,44333.0,0.2958761658148948,0.13684441796699234
141,MMNMN-,1895.0,44333.0,0.2958761658148948,0.13684441796699234
142,MMNMN-,1895.0,44333.0,0.2958761658148948,0.13684441796699234
143,MMNMN-,1895.0,44333.0,0.2958761658148948,0.13684441796699234
144,MMNMN-,1895.0,44333.0,0.2958761658148948,0.13684441796699234
145,MMNMN-,1895.0,44333.0,0.2958761658148948,0.13684441796699234
146,MMNMN-,1895.0,44333.0,0.2958761658148948,0.13684441796699234
147,MMNMN-,1895.0,44333.0,0.2958761658148948,0.13684441796699234
148,MMNMN-,1895.0,44333.0,0.2958761658148948,0.13684441796699234
149,MMNMN-,1895.0,44333.0,0.2958761658148948,0.13684441796699234
150,MMNMN-,1895.0,44333.0,0.2958761658148948,0.13684441796699234
151,MMNMN-,1895.0,44333.0,0.2958761658148948,0.13684441796699234
152,MMNMN-,1895.0,44333.0,0.2958761658148948,0.13684441796699234
153,MMNMN-,1895.0,44333.0,0.2958761658148948,0.13684441796699234
154,MMNMN-,1895.0,44333.0,0.2958761658148948,0.13684441796699234
155,MMNMN-,1895.0,44333.0,0.2958761658148948,0.13684441796699234
156,MMNMN-,1895.0,44333.0,0.2958761658148948,0.13684441796699234
157,MMNMN-,1895.0,44333.0,0.2958761658148948,0.13684441796699234
158,MMNMN-,1895.0,44333.0,0.2958761658148948,0.13684441796699234
159,MMNMN-,1895.0,44333.0,0.2958761658148948,0.13684441796699234
160,MMNMN-,1895.0,44333.0,0.2958761658148948,0.13684441796699234
161,MMNMN-,1895.0,44333.0,0.2958761658148948,0.13684441796699234
162,MMNMN-,1895.0,44333.0,0.2958761658148948,0.13684441796699234
163,MMNMN-,1895.0,44333.0,0.2958761658148948,0.13684441796699234
164,MMNMN-,1895.0,44333.0,0.2958761658148948,0.13684441796699234
165,MMNMN-,1895.0,44333.0,0.2958761658148948,0.13684441796699234
166,MMNMN-,1895.0,44333.0,0.2958761658148948,0.13684441796699234
167,MMNMN-,1895.0,44333.0,0.2958761658148948,0.13684441796699234
168,MMNMN-,1895.0,44333.0,0.2958761658148948,0.13684441796699234
169,MMNMN-,1895.0,44333.0,0.2958761658148948,0.13684441796699234
170,MMNMN-,1895.0,44333.0,0.2958761658148948,0.13684441796699234
171,MMNMN-,1895.0,44333.0,0.2958761658148948,0.13684441796699234
172,MMNMN-,1895.0,44333.0,0.2958761658148948,0.13684441796699234
173,MMNMN-,1895.0,44333.0,0.2958761658148948,0.13684441796699234
174,MMNMN-,1895.0,44333.0,0.2958761658148948,0.13684441796699234
175,MMNMN-,1895.0,44333.0,0.2958761658148948,0.13684441796699234
176,MMNMN-,1895.0,44333.0,0.2958761658148948,0.13684441796699234
177,MMNMN-,1895.0,44333.0,0.2958761658148948,0.13684441796699234
178,MMNMN-,1895.0,44333.0,0.2958761658148948,0.13684441796699234
179,MMNMN-,1895.0,44333.0,0.2958761658148948,0.13684441796699234
180,MMNMN-,1895.0,44333.0,0.2958761658148948,0.13684441796699234
181,MMNMN-,1895.0,44333.0,0.2958761658148948,0.13684441796699234
182,MMNMN-,1895.0,44333.0,0.2958761658148948,0.13684441796699234
183,MMNMN-,1895.0,44333.0,0.2958761658148948,0.13684441796699234
184,MMNMN-,1895.0,44333.0,0.2958761658148948,0.13684441796699234
185,MMNMN-,1895.0,44333.0,0.2958761658148948,0.13684441796699234
186,MMNMN-,1895.0,44333.0,0.2958761658148948,0.13684441796699234
187,MMNMN-,1895.0,44333.0,0.2958761658148948,0.13684441796699234
188,MMNMN-,1895.0,44333.0,0.2958761658148948,0.13684441796699234
189,MMNMN-,1895.0,44333.0,0.2958761658148948,0.13684441796699234
190,MMNMN-,1895.0,44333.0,0.2958761658148948,0.13684441796699234
191,MMNMN-,1895.0,44333.0,0.2958761658148948,0.13684441796699234
192,MMNMN-,1895.0,44333.0,0.2958761658148948,0.13684441796699234
193,MMNMN-,1895.0,44333.0,0.2958761658148948,0.13684441796699234
194,MMNMN-,1895.0,44333.0,0.2958761658148948,0.13684441796699234
195,MMNMN-,1895.0,44333.0,0.2958761658148948,0.13684441796699234
196,MMNMN-,1895.0,44333.0,0.2958761658148948,0.13684441796699234
197,MMNMN-,1895.0,44333.0,0.2958761658148948,0.13684441796699234
198,MMNMN-,1895.0,44333.0,0.2958761658148948,0.13684441796699234
199,MMNMN-,1895.0,44333.0,0.2958761658148948,0.13684441796699234
200,MMNMN-,1895.0,44333.0,0.2958761658148948,0.13684441796699234
201,MMNMN-,1895.0,44333.0,0.2958761658148948,0.13684441796699234
202,MMNMN-,1895.0,44333.0,0.2958761658148948,0.13684441796699234
203,MMNMN-,1895.0,44333.0,0.2958761658148948,0.13684441796699234
204,MMNMN-,1895.0,44333.0,0.2958761658148948,0.13684441796699234
205,MMNMN-,1895.0,44333.0,0.2958761658148948,0.13684441796699234
206,MMNMN-,1895.0,44333.0,0.2958761658148948,0.13684441796699234
207,MMNMN-,1895.0,44333.0,0.2958761658148948,0.13684441796699234
208,MMNMN-,1895.0,44333.0,0.2958761658148948,0.13684441796699234
209,MMNMN-,1895.0,44333.0,0.2958761658148948,0.13684441796699234
210,MMNMN-,1895.0,44333.0,0.2958761658148948,0.13684441796699234
211,MMNMN-,1895.0,44333.0,0.2958761658148948,0.13684441796699234
212,MMNMN-,1895.0,44333.0,0.2958761658148948,0.13684441796699234
213,MMNMN-,1895.0,44333.0,0.2958761658148948,0.13684441796699234
214,MMNMN-,1895.0,44333.0,0.2958761658148948,0.13684441796699234
215,MMNMN-,1895.0,44333.0,0.2958761658148948,0.13684441796699234
216,MMNMN-,1895.0,44333.0,0.2958761658148948,0.13684441796699234
217,MMNMN-,1895.0,44333.0,0.2958761658148948,0.13684441796699234
218,MMNMN-,1895.0,44333.0,0.2958761658148948,0.13684441796699234
219,MMNMN-,1895.0,44333.0,0.2958761658148948,0.13684441796699234
220,MMNMN-,1895.0,44333.0,0.2958761658148948,0.13684441796699234
221,MMNMN-,1895.0,44333.0,0.2958761658148948,0.13684441796699234
222,MMNMN-,1895.0,44333.0,0.2958761658148948,0.13684441796699234
223,MMNMN-,1895.0,44333.0,0.2958761658148948,0.13684441796699234
224,MMNMN-,1895.0,44333.0,0.2958761658148948,0.13684441796699234
225,MMNMN-,1895.0,44333.0,0.2958761658148948,0.13684441796699234
226,MMNMN-,1895.0,44333.0,0.2958761658148948,0.13684441796699234
227,MMNMN-,1895.0,44333.0,0.2958761658148948,0.13684441796699234
228,MMNMN-,1895.0,44333.0,0.2958761658148948,0.13684441796699234
229,MMNMN-,1895.0,44333.0,0.2958761658148948,0.13684441796699234
230,MMNMN-,1895.0,44333.0,0.2958761658148948,0.13684441796699234
231,MMNMN-,1895.0,44333.0,0.2958761658148948,0.13684441796699234
232,MMNMN-,1895.0,44333.0,0.2958761658148948,0.13684441796699234
233,MMNMN-,1895.0,44333.0,0.2958761658148948,0.13684441796699234
234,MMNMN-,1895.0,44333.0,0.2958761658148948,0.13684441796699234
235,MMNMN-,1895.0,44333.0,0.2958761658148948,0.13684441796699234
236,MMNMN-,1895.0,44333.0,0.2958761658148948,0.13684441796699234
237,MMNMN-,1895.0,44333.0,0.2958761658148948,0.13684441796699234
238,MMNMN-,1895.0,44333.0,0.2958761658148948,0.13684441796699234
239,MMNMN-,1895.0,44333.0,0.2958761658148948,0.13684441796699234
240,MMNMN-,1895.0,44333.0,0.2958761658148948,0.13684441796699234
241,MMNMN-,1895.0,44333.0,0.2958761658148948,0.13684441796699234
242,MMNMN-,1895.0,44333.0,0.2958761658148948,0.13684441796699234
243,MMNMN-,1895.0,44333.0,0.2958761658148948,0.13684441796699234
244,MMNMN-,1895.0,44333.0,0.2958761658148948,0.13684441796699234
245,MMNMN-,1895.0,44333.0,0.2958761658148948,0.13684441796699234
246,MMNMN-,1895.0,44333.0,0.2958761658148948,0.13684441796699234
247,MMNMN-,1895.0,44333.0,0.2958761658148948,0.13684441796699234
248,MMNMN-,1895.0,44333.0,0.2958761658148948,0.13684441796699234
249,MMNMN-,1895.0,44333.0,0.2958761658148948,0.13684441796699234
250,MMNMN-,1895.0,44333.0,0.2958761658148948,0.13684441796699234
251,MMNMN-,1895.0,44333.0,0.2958761658148948,0.13684441796699234
252,MMNMN-,1895.0,44333.0,0.2958761658148948,0.13684441796699234
253,MMNMN-,1895.0,44333.0,0.2958761658148948,0.13684441796699234
254,MMNMN-,1895.0,44333.0,0.2958761658148948,0.13684441796699234
255,MMNMN-,1895.0,44333.0,0.2958761658148948,0.13684441796699234
256,MMNMN-,1895.0,44333.0,0.2958761658148948,0.13684441796699234
257,MMNMN-,1895.0,44333.0,0.2958761658148948,0.13684441796699234
258,MMNMN-,1895.0,44333.0,0.2958761658148948,0.13684441796699234
259,MMNMN-,1895.0,44333.0,0.2958761658148948,0.13684441796699234
260,MMNMN-,1895.0,44333.0,0.2958761658148948,0.13684441796699234
261,MMNMN-,1895.0,44333.0,0.2958761658148948,0.13684441796699234
262,MMNMN-,1895.0,44333.0,0.2958761658148948,0.13684441796699234
263,MMNMN-,1895.0,44333.0,0.2958761658148948,0.13684441796699234
264,MMNMN-,1895.0,44333.0,0.2958761658148948,0.13684441796699234
265,MMNMN-,1895.0,44333.0,0.2958761658148948,0.13684441796699234
266,MMNMN-,1895.0,44333.0,0.2958761658148948,0.13684441796699234
267,MMNMN-,1895.0,44333.0,0.2958761658148948,0.13684441796699234
268,MMNMN-,1895.0,44333.0,0.2958761658148948,0.13684441796699234
269,MMNMN-,1895.0,44333.0,0.2958761658148948,0.13684441796699234
270,MMNMN-,1895.0,44333.0,0.2958761658148948,0.13684441796699234
271,MMNMN-,1895.0,44333.0,0.2958761658148948,0.13684441796699234
272,MMNMN-,1895.0,44333.0,0.2958761658148948,0.13684441796699234
273,MMNMN-,1895.0,44333.0,0.2958761658148948,0.13684441796699234
274,MMNMN-,1895.0,44333.0,0.2958761658148948,0.13684441796699234
275,MMNMN-,1895.0,44333.0,0.2958761658148948,0.13684441796699234
276,MMNMN-,1895.0,44333.0,0.2958761658148948,0.13684441796699234
277,MMNMN-,1895.0,44333.0,0.2958761658148948,0.13684441796699234
278,MMNMN-,1895.0,44333.0,0.2958761658148948,0.13684441796699234
279,MMNMN-,1895.0,44333.0,0.2958761658148948,0.13684441796699234
280,MMNMN-,1895.0,44333.0,0.2958761658148948,0.13684441796699234
281,MMNMN-,1895.0,44333.0,0.2958761658148948,0.13684441796699234
282,MMNMN-,1895.0,44333.0,0.2958761658148948,0.13684441796699234
283,MMNMN-,1895.0,44333.0,0.2958761658148948,0.13684441796699234
284,MMNMN-,1895.0,44333.0,0.2958761658148948,0.13684441796699234
285,MMNMN-,1895.0,44333.0,0.2958761658148948,0.13684441796699234
286,MMNMN-,1895.0,44333.0,0.2958761658148948,0.13684441796699234
287,MMNMN-,1895.0,44333.0,0.2958761658148948,0.13684441796699234
288,MMNMN-,1895.0,44333.0,0.2958761658148948,0.13684441796699234
289,MMNMN-,1895.0,44333.0,0.2958761658148948,0.13684441796699234
290,MMNMN-,1895.0,44333.0,0.2958761658148948,0.13684441796699234
291,MMNMN-,1895.0,44333.0,0.2958761658148948,0.13684441796699234
292,MMNMN-,1895.0,44333.0,0.2958761658148948,0.13684441796699234
293,MMNMN-,1895.0,44333.0,0.2958761658148948,0.13684441796699234
294,MMNMN-,1895.0,44333.0,0.2958761658148948,0.13684441796699234
295,MMNMN-,1895.0,44333.0,0.2958761658148948,0.13684441796699234
296,MMNMN-,1895.0,44333.0,0.2958761658148948,0.13684441796699234
297,MMNMN-,1895.0,44333.0,0.2958761658148948,0.13684441796699234
298,MMNMN-,1895.0,44333.0,0.2958761658148948,0.13684441796699234
299,MMNMN-,1895.0,44333.0,0.2958761658148948,0.13684441796699234
300,MMNMN-,1895.0,44333.0,0.2958761658148948,0.13684441796699234
301,MMNMN-,1895.0,44333.0,0.2958761658148948,0.13684441796699234
302,MMNMN-,1895.0,44333.0,0.2958761658148948,0.13684441796699234
303,MMNMN-,1895.0,44333.0,0.2958761658148948,0.13684441796699234
304,MMNMN-,1895.0,44333.0,0.2958761658148948,0.13684441796699234
305,MMNMN-,1895.0,44333.0,0.2958761658148948,0.13684441796699234
306,MMNMN-,1895.0,44333.0,0.2958761658148948,0.13684441796699234
307,MMNMN-,1895.0,44333.0,0.2958761658148948,0.13684441796699234
308,MMNMN-,1895.0,44333.0,0.2958761658148948,0.13684441796699234
309,MMNMN-,1895.0,44333.0,0.2958761658148948,0.13684441796699234
310,MMNMN-,1895.0,44333.0,0.2958761658148948,0.13684441796699234
311,MMNMN-,1895.0,44333.0,0.2958761658148948,0.13684441796699234
312,MMNMN-,1895.0,44333.0,0.2958761658148948,0.13684441796699234
313,MMNMN-,1895.0,44333.0,0.2958761658148948,0.13684441796699234
314,MMNMN-,1895.0,44333.0,0.2958761658148948,0.13684441796699234
315,MMNMN-,1895.0,44333.0,0.2958761658148948,0.13684441796699234
316,MMNMN-,1895.0,44333.0,0.2958761658148948,0.13684441796699234
317,MMNMN-,1895.0,44333.0,0.2958761658148948,0.13684441796699234
318,MMNMN-,1895.0,44333.0,0.2958761658148948,0.13684441796699234
319,MMNMN-,1895.0,44333.0,0.2958761658148948,0.13684441796699234
320,MMNMN-,1895.0,44333.0,0.2958761658148948,0.13684441796699234
321,MMNMN-,1895.0,44333.0,0.2958761658148948,0.13684441796699234
322,MMNMN-,1895.0,44333.0,0.2958761658148948,0.13684441796699234
323,MMNMN-,1895.0,44333.0,0.2958761658148948,0.13684441796699234
324,MMNMN-,1895.0,44333.0,0.2958761658148948,0.13684441796699234
325,MMNMN-,1895.0,44333.0,0.2958761658148948,0.13684441796699234
326,MMNMN-,1895.0,44333.0,0.2958761658148948,0.13684441796699234
327,MMNMN-,1895.0,44333.0,0.2958761658148948,0.13684441796699234
328,MMNMN-,1895.0,44333.0,0.2958761658148948,0.13684441796699234
329,MMNMN-,1895.0,44333.0,0.2958761658148948,0.13684441796699234
330,MMNMN-,1895.0,44333.0,0.2958761658148948,0.13684441796699234
331,MMNMN-,1895.0,44333.0,0.2958761658148948,0.13684441796699234
332,MMNMN-,1895.0,44333.0,0.2958761658148948,0.13684441796699234
333,MMNMN-,1895.0,44333.0,0.2958761658148948,0.13684441796699234
334,MMNMN-,1895.0,44333.0,0.2958761658148948,0.13684441796699234
335,MMNMN-,1895.0,44333.0,0.2958761658148948,0.13684441796699234
336,MMNMN-,1895.0,44333.0,0.2958761658148948,0.13684441796699234
337,MMNMN-,1895.0,44333.0,0.2958761658148948,0.13684441796699234
338,MMNMN-,1895.0,44333.0,0.2958761658148948,0.13684441796699234
339,MMNMN-,1895.0,44333.0,0.2958761658148948,0.13684441796699234
340,MMNMN-,1895.0,44333.0,0.2958761658148948,0.13684441796699234
341,MMNMN-,1895.0,44333.0,0.2958761658148948,0.13684441796699234
342,MMNMN-,1895.0,44333.0,0.2958761658148948,0.13684441796699234
343,MMNMN-,1895.0,44333.0,0.2958761658148948,0.13684441796699234
344,MMNMN-,1895.0,44333.0,0.2958761658148948,0.13684441796699234
345,MMNMN-,1895.0,44333.0,0.2958761658148948,0.13684441796699234
346,MMNMN-,1895.0,44333.0,0.2958761658148948,0.13684441796699234
347,MMNMN-,1895.0,44333.0,0.2958761658148948,0.13684441796699234
348,MMNMN-,1895.0,44333.0,0.2958761658148948,0.13684441796699234
349,MMNMN-,1895.0,44333.0,0.2958761658148948,0.13684441796699234
350,MMNMN-,1895.0,44333.0,0.2958761658148948,0.13684441796699234
351,MMNMN-,1895.0,44333.0,0.2958761658148948,0.13684441796699234
352,MMNMN-,1895.0,44333.0,0.2958761658148948,0.13684441796699234
353,MMNMN-,1895.0,44333.0,0.2958761658148948,0.13684441796699234
354,MMNMN-,1895.0,44333.0,0.2958761658148948,0.13684441796699234
355,MMNMN-,1895.0,44333.0,0.2958761658148948,0.13684441796699234
356,MMNMN-,1895.0,44333.0,0.2958761658148948,0.13684441796699234
357,MMNMN-,1895.0,44333.0,0.2958761658148948,0.13684441796699234
358,MMNMN-,1895.0,44333.0,0.2958761658148948,0.13684441796699234
359,MMNMN-,1895.0,44333.0,0.2958761658148948,0.13684441796699234
360,MMNMN-,1895.0,44333.0,0.2958761658148948,0.13684441796699234
361,MMNMN-,1895.0,44333.0,0.2958761658148948,0.13684441796699234
362,MMNMN-,1895.0,44333.0,0.2958761658148948,0.13684441796699234
363,MMNMN-,1895.0,44333.0,0.2958761658148948,0.13684441796699234
364,MMNMN-,1895.0,44333.0,0.2958761658148948,0.13684441796699234
365,MMNMN-,1895.0,44333.0,0.2958761658148948,0.13684441796699234
366,MMNMN-,1895.0,44333.0,0.2958761658148948,0.13684441796699234
367,MMNMN-,1895.0,44333.0,0.2958761658148948,0.13684441796699234
368,MMNMN-,1895.0,44333.0,0.2958761658148948,0.13684441796699234
369,MMNMN-,1895.0,44333.0,0.2958761658148948,0.13684441796699234
370,MMNMN-,1895.0,44333.0,0.2958761658148948,0.13684441796699234
371,MMNMN-,1895.0,44333.0,0.2958761658148948,0.13684441796699234
372,MMNMN-,1895.0,44333.0,0.2958761658148948,0.13684441796699234
373,MMNMN-,1895.0,44333.0,0.2958761658148948,0.13684441796699234
374,MMNMN-,1895.0,44333.0,0.2958761658148948,0.13684441796699234
375,MMNMN-,1895.0,44333.0,0.2958761658148948,0.13684441796699234
376,MMNMN-,1895.0,44333.0,0.2958761658148948,0.13684441796699234
377,MMNMN-,1895.0,44333.0,0.2958761658148948,0.13684441796699234
378,MMNMN-,1895.0,44333.0,0.2958761658148948,0.13684441796699234
379,MMNMN-,1895.0,44333.0,0.2958761658148948,0.13684441796699234
380,MMNMN-,1895.0,44333.0,0.2958761658148948,0.13684441796699234
381,MMNMN-,1895.0,44333.0,0.2958761658148948,0.13684441796699234
382,MMNMN-,1895.0,44333.0,0.2958761658148948,0.13684441796699234
383,MMNMN-,1895.0,44333.0,0.2958761658148948,0.13684441796699234
384,MMNMN-,1895.0,44333.0,0.2958761658148948,0.13684441796699234
385,MMNMN-,1895.0,44333.0,0.2958761658148948,0.13684441796699234
386,MMNMN-,1895.0,44333.0,0.2958761658148948,0.13684441796699234
387,MMNMN-,1895.0,44333.0,0.2958761658148948,0.13684441796699234
388,MMNMN-,1895.0,44333.0,0.2958761658148948,0.13684441796699234
389,MMNMN-,1895.0,44333.0,0.2958761658148948,0.13684441796699234
390,MMNMN-,1895.0,44333.0,0.2958761658148948,0.13684441796699234
391,MMNMN-,1895.0,44333.0,0.2958761658148948,0.13684441796699234
392,MMNMN-,1895.0,44333.0,0.2958761658148948,0.13684441796699234
393,MMNMN-,1895.0,44333.0,0.2958761658148948,0.13684441796699234
394,MMNMN-,1895.0,44333.0,0.2958761658148948,0.13684441796699234
395,MMNMN-,1895.0,44333.0,0.2958761658148948,0.13684441796699234
396,MMNMN-,1895.0,44333.0,0.2958761658148948,0.13684441796699234
397,MMNMN-,1895.0,44333.0,0.2958761658148948,0.13684441796699234
398,MMNMN-,1895.0,44333.0,0.2958761658148948,0.13684441796699234
399,MMNMN-,1895.0,44333.0,0.2958761658148948,0.13684441796699234
400,MMNMN-,1895.0,44333.0,0.2958761658148948,0.13684441796699234
401,MMNMN-,1895.0,44333.0,0.2958761658148948,0.13684441796699234
402,MMNMN-,1895.0,44333.0,0.2958761658148948,0.13684441796699234
403,MMNMN-,1895.0,44333.0,0.2958761658148948,0.13684441796699234
404,MMNMN-,1895.0,44333.0,0.2958761658148948,0.13684441796699234
405,MMNMN-,1895.0,44333.0,0.2958761658148948,0.13684441796699234
406,MMNMN-,1895.0,44333.0,0.2958761658148948,0.13684441796699234
407,MMNMN-,1895.0,44333.0,0.2958761658148948,0.13684441796699234
408,MMNMN-,1895.0,44333.0,0.2958761658148948,0.13684441796699234
409,MMNMN-,1895.0,44333.0,0.2958761658148948,0.13684441796699234
410,MMNMN-,1895.0,44333.0,0.2958761658148948,0.13684441796699234
411,MMNMN-,1895.0,44333.0,0.2958761658148948,0.13684441796699234
412,MMNMN-,1895.0,44333.0,0.2958761658148948,0.13684441796699234
413,MMNMN-,1895.0,44333.0,0.2958761658148948,0.13684441796699234
414,MMNMN-,1895.0,44333.0,0.2958761658148948,0.13684441796699234
415,MMNMN-,1895.0,44333.0,0.2958761658148948,0.13684441796699234
416,MMNMN-,1895.0,44333.0,0.2958761658148948,0.13684441796699234
417,MMNMN-,1895.0,44333.0,0.2958761658148948,0.13684441796699234
418,MMNMN-,1895.0,44333.0,0.2958761658148948,0.13684441796699234
419,MMNMN-,1895.0,44333.0,0.2958761658148948,0.13684441796699234
420,MMNMN-,1895.0,44333.0,0.2958761658148948,0.13684441796699234
421,MMNMN-,1895.0,44333.0,0.2958761658148948,0.13684441796699234
422,MMNMN-,1895.0,44333.0,0.2958761658148948,0.13684441796699234
423,MMNMN-,1895.0,44333.0,0.2958761658148948,0.13684441796699234
424,MMNMN-,1895.0,44333.0,0.2958761658148948,0.13684441796699234
425,MMNMN-,1895.0,44333.0,0.2958761658148948,0.13684441796699234
426,MMNMN-,1895.0,44333.0,0.2958761658148948,0.13684441796699234
427,MMNMN-,1895.0,44333.0,0.2958761658148948,0.13684441796699234
428,MMNMN-,1895.0,44333.0,0.2958761658148948,0.13684441796699234
429,MMNMN-,1895.0,44333.0,0.2958761658148948,0.13684441796699234
430,MMNMN-,1895.0,44333.0,0.2958761658148948,0.13684441796699234
431,MMNMN-,1895.0,44333.0,0.2958761658148948,0.13684441796699234
432,MMNMN-,1895.0,44333.0,0.2958761658148948,0.13684441796699234
433,MMNMN-,1895.0,44333.0,0.2958761658148948,0.13684441796699234
434,MMNMN-,1895.0,44333.0,0.2958761658148948,0.13684441796699234
435,MMNMN-,1895.0,44333.0,0.2958761658148948,0.13684441796699234
436,MMNMN-,1895.0,44333.0,0.2958761658148948,0.13684441796699234
437,MMNMN-,1895.0,44333.0,0.2958761658148948,0.13684441796699234
438,MMNMN-,1895.0,44333.0,0.2958761658148948,0.13684441796699234
439,MMNMN-,1895.0,44333.0,0.2958761658148948,0.13684441796699234
440,MMNMN-,1895.0,44333.0,0.2958761658148948,0.13684441796699234
441,MMNMN-,1895.0,44333.0,0.2958761658148948,0.13684441796699234
442,MMNMN-,1895.0,44333.0,0.2958761658148948,0.13684441796699234
443,MMNMN-,1895.0,44333.0,0.2958761658148948,0.13684441796699234
444,MMNMN-,1895.0,44333.0,0.2958761658148948,0.13684441796699234
445,MMNMN-,1895.0,44333.0,0.2958761658148948,0.13684441796699234
446,MMNMN-,1895.0,44333.0,0.2958761658148948,0.13684441796699234
447,MMNMN-,1895.0,44333.0,0.2958761658148948,0.13684441796699234
448,MMNMN-,1895.0,44333.0,0.2958761658148948,0.13684441796699234
449,MMNMN-,1895.0,44333.0,0.2958761658148948,0.13684441796699234
450,MMNMN-,1895.0,44333.0,0.2958761658148948,0.13684441796699234
451,MMNMN-,1895.0,44333.0,0.2958761658148948,0.13684441796699234
452,MMNMN-,1895.0,44333.0,0.2958761658148948,0.13684441796699234
453,MMNMN-,1895.0,44333.0,0.2958761658148948,0.13684441796699234
